,RPI,consumentenprijsindex,interstrate,huizenprijsindex,reelehuizenprijsindex,reelehuurprijsindex,loonindex,caprent,kapitaliseerdehuur,reele huizenprijs,interstrate
1620,472.21,633.7154328,0.0625,40.39826279,6.374827043,74.51451796,421.9620953,851.594491,75.40497964,107.0041868,0.0625
1621,462.29,618.7394218,0.0625,42.34258859,6.843363635,74.71481268,422.4663333,853.8835735,75.60766792,114.868773,0.0625
1622,464.24,742.1357468,0.0625,43.92927558,5.919304624,62.55459355,422.9705713,714.9096406,63.30213202,99.35804897,0.0625
1623,451.96,799.3107814,0.0625,45.25221894,5.661404799,56.54371372,423.4748093,646.2138711,57.21942111,95.02909058,0.0625
1624,445.5,821.1108032,0.0625,45.87633308,5.58710626,54.25577136,423.9790472,620.0659584,54.90413743,93.78195796,0.0625
1625,465.23,813.5222783,0.0625,46.64675654,5.733924907,57.18712473,424.4832852,653.5671398,57.870521,96.24637148,0.0625
1626,441.83,764.6169175,0.0625,44.20049119,5.780736755,57.7844918,430.5685679,660.394192,58.47502671,97.03212828,0.0625
1627,425.61,779.7586854,0.0625,43.26008634,5.547881306,54.58227115,436.6538507,623.7973846,55.23453896,93.1235504,0.0625
1628,447.71,834.6275947,0.0625,41.48542836,4.970531603,53.64188805,442.7391334,613.0501492,54.28291811,83.43248976,0.0625
1629,440.52,931.1826627,0.0625,41.73903359,4.482367989,47.30758181,448.8244161,540.6580779,47.87291579,75.23845561,0.0625
1630,455.92,1033.340679,0.0625,42.65334055,4.127713291,44.12097668,454.9096989,504.2397335,44.64823016,69.28542546,0.0625
1631,464.11,1029.717569,0.0625,46.10703405,4.477638863,45.07158215,466.2276565,515.103796,45.61019553,75.15907521,0.0625
1632,475.75,852.8185625,0.0625,48.10521501,5.64073264,55.78560563,477.5456142,637.5497786,56.45225349,94.68209959,0.0625
1633,479.16,816.0015279,0.0625,48.97958142,6.002388444,58.72047829,488.8635718,671.0911804,59.4221984,100.7526463,0.0625
1634,487.25,867.4844882,0.0625,50.76208244,5.851641514,56.16815132,500.1815295,641.9217294,56.83937067,98.22229486,0.0625
1635,490.86,801.6648445,0.0625,50.66177627,6.319570656,61.2300768,511.4994872,699.7723063,61.96178706,106.0766848,0.0625
1636,492.98,796.0139341,0.0625,51.49567435,6.469192579,61.93107669,511.1935274,707.7837336,62.67116402,108.5881525,0.0625
1637,503.05,870.6963142,0.0625,48.76597084,5.600801341,57.77559774,510.8875677,660.2925456,58.46602636,94.01183573,0.0625
1638,513.99,878.7855608,0.0625,47.82817672,5.442531017,58.48867152,510.581608,668.4419602,59.1876215,91.35520094,0.0625
1639,526.95,848.7560137,0.0625,52.78406857,6.218991998,62.08497984,510.2756483,709.5426267,62.82690634,104.3884292,0.0625
1640,524.74,892.9564819,0.05,55.28735159,6.191494514,58.7643419,509.9696886,783.5245586,69.37768388,103.9268722,0.05
1641,533.01,860.6579349,0.05,58.67326818,6.817257566,61.93052761,510.2492259,825.7403681,73.11570978,114.4305715,0.05
1642,545.64,830.4265839,0.05,71.02668767,8.553036361,65.70598902,510.5287633,876.0798535,77.57305175,143.5663578,0.05
1643,579.17,876.8021278,0.05,76.30277276,8.702393658,66.05481233,510.8083007,880.730831,77.98487553,146.0733836,0.05
1644,596.3,908.878513,0.05,80.28058978,8.832928563,65.60832845,511.0878381,874.7777126,77.45775285,148.2644676,0.05
1645,585.89,855.9067541,0.05,83.76686352,9.786914652,68.45255014,511.3673755,912.7006685,80.81566527,164.2775304,0.05
1646,591.51,823.2061112,0.05,82.87307059,10.06711071,71.85442284,514.2706922,958.0589712,84.83194524,168.9807406,0.05
1647,590.92,854.1751735,0.05,84.5005196,9.892645234,69.18018907,517.1740089,922.4025209,81.67472201,166.0522632,0.05
1648,587.46,972.6630311,0.05,76.33665834,7.848212166,60.3970729,520.0773255,805.2943054,71.30530005,131.7355835,0.05
1649,606.28,1024.073066,0.05,78.03227885,7.619796032,59.20280692,522.9806422,789.370759,69.89533944,127.9015214,0.05
1650,607.91,1084.909469,0.05,81.84270361,7.543735763,56.03324677,525.8839589,747.1099569,66.15332966,126.6248174,0.05
1651,630.18,1113.859051,0.05,86.33323063,7.750821843,56.57627861,523.5943431,754.3503814,66.79443768,130.1008455,0.05
1652,646.83,1144.398521,0.05,79.11811905,6.913511124,56.52139426,521.3047273,753.6185902,66.72964075,116.0462285,0.05
1653,612.71,1026.454946,0.05,78.36879373,7.634898545,59.69185519,519.0151115,795.8914026,70.472714,128.1550236,0.05
1654,576.86,884.6227672,0.05,72.36162418,8.179941424,65.20971666,516.7254957,869.4628888,76.98714837,137.3038004,0.05
1655,605.53,839.6753078,0.05,76.47776376,9.108016283,72.11477989,514.4358799,961.5303985,85.13932499,152.8819322,0.05
1656,614.2,912.7986536,0.041632653,76.44963218,8.375300717,67.28756638,519.3050834,1009.828715,89.4159304,140.5829893,0.041632653
1657,637.57,851.9306637,0.04,83.48197263,9.799151056,74.83825001,524.174287,1151.357692,101.9477043,164.4829237,0.04
1658,641.43,983.2049662,0.04,84.16870931,8.560647291,65.23868594,529.0434905,1003.672091,88.87078817,143.6941105,0.04
1659,650.33,1101.626932,0.042640164,91.44246051,8.300674017,59.03359668,533.9126941,872.7595144,77.2790502,139.3303484,0.042640164
1660,672.33,1053.184877,0.04,91.71556493,8.708401244,63.83779474,538.7818976,982.1199191,86.96243727,146.1742235,0.04
1661,661.63,1115.795917,0.040404694,95.30682496,8.541600082,59.29668588,541.0526382,906.6120833,80.27654759,143.374395,0.040404694
1662,643.78,1129.836113,0.04,101.6514605,8.997009332,56.97994537,543.3233789,876.6145442,77.62039628,151.0186332,0.04
1663,650.09,1030.573491,0.039981826,99.50623861,9.655423847,63.0804116,545.5941195,970.7392895,85.95473214,162.0704012,0.039981826
1664,653.51,913.5457703,0.04,96.75371572,10.59100911,71.53555095,547.8648601,1100.546938,97.4486335,177.7745983,0.04
1665,643.82,1035.088768,0.04,94.0451684,9.085710454,62.1994963,550.1356008,956.9153278,84.73068059,152.5075193,0.04
1666,605.02,958.6552492,0.04,90.51419757,9.441788135,63.11132188,549.4432994,970.9434135,85.97280643,158.4844348,0.04
1667,599.44,877.3945224,0.04,85.28781624,9.720577695,68.320463,548.7509979,1051.084046,93.06891007,163.1640363,0.04
1668,609.3,932.8410026,0.04,88.59332887,9.4971521,65.31659718,548.0586965,1004.870726,88.97692203,159.4137426,0.04
1669,622.7,794.9643732,0.04,86.76520431,10.91435129,78.3305543,547.3663951,1205.085451,106.7050631,183.2020345,0.04
1670,618.83,845.7512081,0.041277821,80.27236218,9.491250076,73.16927178,546.6740937,1103.978234,97.75245981,159.3146746,0.041277821
1671,624.36,858.7763007,0.04,80.56968738,9.381917888,72.70345019,547.4041418,1118.514618,99.03959327,157.4794872,0.04
1672,606.81,934.0541709,0.042130872,78.09828631,8.361215949,64.96518285,548.1341899,967.7392965,85.68909584,140.3465705,0.042130872
1673,582.42,937.5601952,0.041451,70.61798281,7.53210121,62.12081133,548.8642381,934.8363656,82.77568475,126.4295265,0.041451
1674,555.32,964.2262058,0.048931461,66.85995574,6.934052957,57.59229491,549.5942862,778.9957635,68.97667882,116.3910319,0.048931461
1675,560.85,993.3190931,0.052607244,64.29407789,6.472650968,56.46221883,550.3243343,727.5379967,64.4203179,108.646203,0.052607244
1676,545.73,972.8223671,0.053349448,57.96113874,5.958039279,56.09759998,550.8638765,715.9922809,63.3979951,100.0082267,0.053349448
1677,542.58,905.5865918,0.052764041,56.6417545,6.254703307,59.91475635,551.4034187,770.4686585,68.22164085,104.9878587,0.052764041
1678,549.91,864.1930851,0.048556361,56.80289914,6.572940714,63.63277021,551.9429609,865.0886116,76.59982519,110.3296091,0.048556361
1679,527.25,833.6664503,0.043290855,56.38596681,6.763612329,63.24471853,552.4825031,926.1081668,82.00284079,113.5301134,0.043290855
1680,545.07,864.0495243,0.037335907,53.08539511,6.143790791,63.08318964,553.0220453,1011.987997,89.60712533,103.1261449,0.037335907
1681,549.38,871.3965201,0.041089265,51.4260423,5.901566178,63.0459254,550.6205259,953.9510751,84.46820894,99.0603016,0.041089265
1682,572.95,895.1820344,0.039226503,49.68135579,5.549860685,64.00374203,548.2190065,996.5316348,88.23853187,93.15677512,0.039226503
1683,578.3,898.4349713,0.040849563,52.27598424,5.818560709,64.36748551,545.8174872,977.4929792,86.55274192,97.66701946,0.040849563
1684,614.04,935.515519,0.040812415,53.43660917,5.711996015,65.63653809,543.4159678,997.3276029,88.30901138,95.87828569,0.040812415
1685,615.09,946.1533653,0.04012037,53.71757672,5.677470344,65.00954523,541.0144484,998.2981552,88.39494955,95.29875759,0.04012037
1686,609.49,894.6150497,0.039933797,57.87376067,6.469124422,68.12874434,542.6221974,1049.20315,92.9023649,108.5870084,0.039933797
1687,592.6,846.631222,0.034526842,57.311807,6.769394455,69.99505624,544.2299463,1175.85704,104.1170147,113.6271688,0.034526842
1688,605.94,866.7047187,0.029953202,55.35870982,6.387263001,69.91308423,545.8376952,1272.229491,112.6503752,107.2129296,0.029953202
1689,591.2,886.6592575,0.025573916,54.17574443,6.110097422,66.6772489,547.4454442,1318.411825,116.7396195,102.5605873,0.025573916
1690,585.26,895.6657506,0.020212364,55.77569061,6.227288536,65.3435726,549.0531931,1445.258925,127.9713772,104.5276901,0.020212364
1691,588.55,914.2384497,0.031732126,55.27523805,6.046041716,64.37598421,547.5546837,1134.735973,100.4759235,101.485385,0.031732126
1692,607.56,956.542285,0.021173533,58.01399549,6.064969255,63.51627205,546.0561743,1375.599135,121.8033065,101.8030918,0.021173533
1693,599.09,1029.191954,0.021836193,56.18898243,5.459524067,58.20974384,544.557665,1242.836792,110.0477797,91.64043652,0.021836193
1694,616.2,992.2781934,0.023612609,58.42392545,5.887857441,62.09952049,543.0591556,1277.436487,113.111432,98.83019462,0.023612609
1695,616.46,1049.292862,0.024360685,58.23628225,5.550050358,58.75004227,541.5606462,1190.219347,105.3887344,93.15995887,0.024360685
1696,621.73,1022.220208,0.024006324,58.49172384,5.722027737,60.82153289,542.9030641,1241.095596,109.8936045,96.04667241,0.024006324
1697,633.2,1100.474454,0.022985661,59.69682715,5.424644519,57.53881862,544.2454819,1199.083589,106.1736244,91.05496845,0.022985661
1698,615.87,1189.17975,0.032499581,58.16491999,4.891179823,51.78947926,545.5878998,900.6931592,79.75245266,82.10053634,0.032499581
1699,625.51,1239.217001,0.030911046,61.1441539,4.934095792,50.47622809,546.9303177,902.795274,79.93858577,82.82089916,0.030911046
1700,624.34,1002.153463,0.030163792,59.70378534,5.957549172,62.2998396,548.2727356,1129.361078,100,100,0.030163792
1701,640.32,958.6589239,0.032289229,58.09162213,6.059675728,66.7933072,548.2727356,1165.896423,103.2350456,101.7142377,0.032289229
1702,613.27,885.5046723,0.023837608,60.27270062,6.806593179,69.25655157,548.2727356,1418.098765,125.5664634,114.2515652,0.023837608
1703,615.32,867.6400137,0.024381234,59.57547961,6.866382217,70.91881313,548.2727356,1436.149067,127.164739,115.2551497,0.024381234
1704,594.45,894.6680236,0.024595967,57.47144227,6.423772925,66.44363991,548.2727356,1339.698446,118.624457,107.8257642,0.024595967
1705,596.72,822.5241431,0.023984661,57.75057494,7.021140403,72.54741457,548.2727356,1481.023102,131.1381391,117.8528318,0.023984661
1706,619.22,870.3409695,0.024083869,58.49278051,6.720674145,71.14682885,547.4516548,1449.495125,128.3464743,112.8093777,0.024083869
1707,628.83,847.064842,0.023069235,60.96126376,7.196764727,74.23634754,546.630574,1544.362991,136.7466102,120.8007608,0.023069235
1708,632.49,864.0547253,0.023799232,60.69754868,7.024734302,73.20022465,545.8094933,1500.02821,132.8209587,117.9131569,0.023799232
1709,635.66,1210.064508,0.023689931,60.85549697,5.029111801,52.53108374,544.9884125,1078.890084,95.5310135,84.41578333,0.023689931
1710,636.78,1126.907871,0.024356421,59.29643947,5.261871089,56.50683755,544.1673317,1144.873076,101.3735198,88.32274711,0.024356421
1711,652.36,989.745717,0.025717128,59.82867183,6.044852814,65.91187906,545.456905,1299.598019,115.0737389,101.4654288,0.025717128
1712,655.41,947.5281539,0.026857409,59.94948854,6.326934804,69.17050404,546.7464782,1333.859623,118.1074547,106.2002951,0.026857409
1713,648.05,1004.337742,0.02523181,59.80503245,5.954673408,64.52510673,548.0360514,1284.546719,113.741012,99.95172908,0.02523181
1714,660.11,970.1154656,0.031152657,62.66220798,6.459252553,68.04447753,549.3256246,1211.776631,107.2975379,108.4213049,0.031152657
1715,674.68,985.9299741,0.031222114,61.90290065,6.278630559,68.43082346,550.6151979,1217.151377,107.7734482,105.3894878,0.031222114
1716,675.3,975.2416243,0.031310518,65.03711527,6.668820695,69.24437833,551.3026143,1229.688179,108.8835274,111.9389954,0.031310518
1717,686.17,915.7251729,0.031073154,67.72254251,7.395509539,74.93187042,551.9900308,1336.323447,118.3256155,124.1367771,0.031073154
1718,704.43,878.0421132,0.029778132,69.79339499,7.948752564,80.22735919,552.6774472,1464.58735,129.682825,133.4231969,0.029778132
1719,708.95,960.8227389,0.02815051,72.00487032,7.494084747,73.78572252,553.3648637,1388.241101,122.9226974,125.791404,0.02815051
1720,729.27,970.9660778,0.026913287,73.485684,7.568306008,75.10767025,554.0522802,1446.790881,128.1070253,127.0372395,0.026913287
1721,708.1,979.8090649,0.027768819,78.02913065,7.963707772,72.26918237,553.11663,1369.543297,121.2670884,133.6742265,0.027768819
1722,729.28,885.054363,0.026784532,82.66563727,9.340176234,82.39945821,552.1809798,1591.198279,140.8936708,156.7788358,0.026784532
1723,741.54,907.5678322,0.026942114,86.25106244,9.503538952,81.70628946,551.2453296,1573.025878,139.2845838,159.5209486,0.026942114
1724,727.18,898.6687239,0.026265219,93.10053846,10.35982849,80.91747055,550.3096794,1578.408756,139.7612143,173.8941332,0.026265219
1725,727.73,932.8929253,0.026259024,99.75820105,10.69342454,78.00788068,549.3740292,1521.837027,134.7520343,179.4936849,0.026259024
1726,733.43,925.9847223,0.026835004,102.145655,11.03103027,79.20541045,551.9556182,1528.029407,135.3003426,185.1605409,0.026835004
1727,744.93,901.9372862,0.027118907,100.760571,11.17157174,82.59221693,554.5372071,1584.6882,140.3172317,187.5195893,0.027118907
1728,738.59,859.1389276,0.027471795,101.59322,11.82500487,85.96863397,557.118796,1638.377989,145.0712284,198.4877427,0.027471795
1729,746.56,906.7097384,0.027351041,100.6344536,11.09886101,82.33726499,559.7003849,1572.79136,139.2638184,186.2991087,0.027351041
1730,754.16,887.5462873,0.026533503,100.4818005,11.32130256,84.97134299,562.2819739,1648.856337,145.9990404,190.0328849,0.026533503
1731,732.64,900.8245676,0.026299573,101.0479464,11.21727249,81.32993108,563.7349624,1585.39197,140.3795474,188.2866959,0.026299573
1732,756.47,850.737303,0.025903669,108.2940547,12.72943532,88.91934059,565.1879509,1746.815944,154.6729365,213.6689929,0.025903669
1733,755.41,850.9857902,0.025323189,112.1867498,13.18315195,88.76881479,566.6409395,1763.974354,156.192239,221.2848198,0.025323189
1734,743.76,866.2166102,0.02550136,113.7784156,13.13509973,85.86304987,568.093928,1700.212625,150.5464159,220.4782428,0.02550136
1735,755.52,893.301949,0.02537862,114.3595859,12.80189594,84.57610563,569.5469166,1678.809496,148.6512621,214.8852753,0.02537862
1736,754.14,890.3481937,0.025423189,118.5253256,13.31224419,84.70169371,565.9930403,1679.816279,148.7404083,223.451688,0.025423189
1737,746.84,930.0003602,0.025209812,118.6310316,12.75601996,80.30534524,562.4391641,1599.395458,141.6194952,214.1152274,0.025209812
1738,731.18,932.775431,0.024500246,120.0637822,12.87167074,78.38757065,558.8852878,1583.579416,140.2190537,216.056475,0.024500246
1739,720.51,944.4660986,0.024508556,124.3932058,13.17074334,76.287545,555.3314116,1540.896184,136.4396395,221.076536,0.024508556
1740,728.73,1061.720099,0.024717095,115.6508387,10.89278039,68.63673398,551.7775353,1380.545947,122.2413251,182.8399578,0.024717095
1741,674.28,1025.982169,0.025990297,97.30273444,9.483862135,65.72044041,551.0519291,1288.881302,114.1248204,159.1906648,0.025990297
1742,684.1,918.8986061,0.026282529,94.08874893,10.23929608,74.44782215,550.3263228,1451.719008,128.5433894,171.8709453,0.026282529
1743,668.11,872.2217938,0.026462626,82.54472614,9.463731212,76.59863635,549.6007166,1488.43233,131.794194,158.8527587,0.026462626
1744,680.99,861.2539005,0.028977682,82.10154041,9.532791708,79.06959836,548.8751103,1464.857242,129.7067227,160.0119686,0.028977682
1745,679.14,971.0164474,0.027397361,82.16358416,8.461605813,69.94114279,548.149504,1334.821859,118.1926564,142.0316571,0.027397361
1746,697.54,1005.69918,0.028094635,80.83192072,8.037385565,69.35871221,550.351414,1306.322422,115.6691556,134.9109396,0.028094635
1747,695.14,1064.583612,0.028846154,75.59532427,7.100928797,65.29689093,552.553324,1212.656542,107.3754502,119.1921139,0.028846154
1748,666.23,948.2902182,0.030027024,69.57120637,7.336488876,70.2559182,554.7552341,1276.753004,113.0509125,123.1460902,0.030027024
1749,652.57,880.276517,0.032153106,68.98245958,7.83645346,74.13238765,556.9571441,1297.084145,114.8511464,131.5382086,0.032153106
1750,647.44,930.4092822,0.031737796,63.05874112,6.777527087,69.58658006,559.1590541,1226.458991,108.5975969,113.7636785,0.031737796
1751,663.35,953.9711193,0.030196421,64.89010436,6.802103654,69.53564805,558.3803816,1259.78545,111.5485095,114.1762067,0.030196421
1752,682.55,1000.125369,0.028217134,67.79464919,6.77861509,68.24644401,557.6017091,1282.414871,113.5522461,113.7819411,0.028217134
1753,680.57,903.0170428,0.026882043,69.12503583,7.654898252,75.36624092,556.8230367,1452.645975,128.6254682,128.4907272,0.026882043
1754,682.47,834.9647281,0.026734214,70.98690266,8.501784599,81.73638682,556.0443642,1579.929035,139.8958284,142.7060752,0.026734214
1755,698.03,931.5212555,0.026996739,71.90778262,7.719392574,74.93441463,555.2656917,1441.136811,127.606382,129.5732918,0.026996739
1756,701.41,1023.296985,0.027956063,71.23548392,6.961369472,68.54412847,555.2656917,1294.358466,114.6097994,116.8495512,0.027956063
1757,700.79,1077.971187,0.02860725,67.634162,6.2742087,65.0100864,555.2656917,1212.710714,107.3802469,105.315265,0.02860725
1758,681.52,1071.92776,0.027342667,70.17006038,6.54615572,63.57891133,555.2656917,1214.66702,107.5534692,109.8800116,0.027342667
1759,676.46,936.9628663,0.027474544,70.67792587,7.543300638,72.19709813,555.2656917,1375.849938,121.825514,126.6175137,0.027474544
1760,674.99,894.6736777,0.028029368,67.27125216,7.519082525,75.44538493,555.2656917,1422.709487,125.9747227,126.2110023,0.028029368
1761,702.32,950.5177461,0.027775881,74.24861942,7.811386975,73.88815231,556.0110593,1400.03636,123.9671162,131.117457,0.027775881
1762,702.68,1097.081665,0.027834031,79.2641555,7.225000474,64.04992649,556.756427,1212.28544,107.3425907,121.2747099,0.027834031
1763,716.33,999.8115263,0.026186333,82.69009742,8.270568527,71.64650348,557.5017946,1399.719403,123.9390511,138.8250149,0.026186333
1764,740.54,968.9506941,0.025749339,87.27533996,9.007201346,76.42700547,558.2471622,1505.970461,133.3471191,151.1897105,0.025749339
1765,752.57,902.599306,0.025277586,91.96004319,10.1883574,83.37808316,558.9925298,1658.354941,146.8401004,171.0159179,0.025277586
1766,763.85,985.0974385,0.025201054,98.91288589,10.04092408,77.54055286,559.0831194,1544.600097,136.7676049,168.5411868,0.025201054
1767,761.45,1067.348143,0.025405686,100.5706627,9.422479752,71.34035928,559.1737089,1415.323646,125.3207387,158.1603354,0.025405686
1768,761.24,987.0405821,0.025337974,105.2513976,10.66333032,77.12347535,559.2642985,1532.113218,135.6619462,178.9885406,0.025337974
1769,783.49,1016.493833,0.02567097,107.6060285,10.58599915,77.0776934,559.354888,1521.141068,134.6904101,177.690504,0.02567097
1770,769.63,1033.225508,0.025305104,105.0633965,10.16848652,74.4880952,559.4454776,1480.726393,131.1118669,170.6823767,0.025305104
1771,761.94,1211.792375,0.025403664,104.1478842,8.594532064,62.87710797,559.4381502,1247.470977,110.4581166,144.2628809,0.025403664
1772,785.81,1207.504672,0.025737573,98.66314623,8.170829357,65.07718092,559.4308227,1282.623056,113.57068,137.1508505,0.025737573
1773,798.97,1122.226241,0.025434238,100.2185484,8.930333718,71.19509158,559.4234953,1411.642059,124.9947503,149.8994546,0.025434238
1774,811.64,1046.101951,0.025484348,104.5329532,9.99261622,77.58708405,559.4161679,1536.854236,136.0817426,167.7303188,0.025484348
1775,785.03,1029.608831,0.025181247,105.4737709,10.24406238,76.24546103,559.4088405,1519.401481,134.5363773,171.9509497,0.025181247
1776,770.57,1037.60307,0.02495421,104.1098195,10.03368461,74.26442946,558.6994417,1486.650063,131.636382,168.4196692,0.02495421
1777,766.29,1078.876678,0.024698665,107.9964008,10.01007835,71.02665352,557.990043,1429.146105,126.5446572,168.0234281,0.024698665
1778,794.08,1010.924357,0.024656245,113.6542052,11.24260232,78.54989293,557.2806442,1581.873396,140.0679931,188.7118678,0.024656245
1779,804.57,974.3054795,0.023487411,109.8853804,11.2783293,82.57882327,556.5712455,1703.098218,150.8019225,189.3115604,0.023487411
1780,795.6,1012.738579,0.023474178,109.9275737,10.85448664,78.55926658,555.8618467,1620.641542,143.5007433,182.1971809,0.023474178
1781,785.67,1099.616304,0.023773298,108.2049584,9.840246822,71.44946807,556.8743214,1464.930013,129.7131663,165.1727336,0.023773298
1782,777.46,1189.623343,0.02616705,107.668086,9.050603002,65.35345869,557.8867961,1277.256725,113.0955147,151.9182258,0.02616705
1783,765.56,1076.116975,0.025150905,106.8755494,9.93159219,71.14096495,558.8992708,1418.538009,125.6053566,166.7060045,0.025150905
1784,782.92,1071.402167,0.026068822,109.9062598,10.25817038,73.07433419,559.9117455,1430.899154,126.6998821,172.1877585,0.026068822
1785,842.63,1077.376856,0.026954178,108.6114372,10.08109991,78.2112587,560.9242202,1505.389205,133.2956513,169.2155552,0.026954178
1786,800.5,1152.295514,0.029377203,115.4619797,10.02017089,69.47002659,560.7332712,1277.557924,113.1221847,168.1928357,0.029377203
1787,823.39,1108.651012,0.027310465,105.2051178,9.489471141,74.26953939,560.5423222,1419.783582,125.7156466,159.2848144,0.027310465
1788,850.46,1122.601901,0.030967422,98.87364832,8.807543282,75.75793335,560.3513732,1353.6077,119.8560608,147.8383649,0.030967422
1789,800.57,1118.043663,0.030487805,89.78433166,8.030485269,71.60453804,560.1604241,1290.455408,114.2642006,134.7951152,0.030487805
1790,803.77,1081.599904,0.031766201,95.36282193,8.816829733,74.31306133,559.9694751,1309.107533,115.915765,147.9942419,0.031766201
1791,841.36,1049.062469,0.032509753,92.58183656,8.825197669,80.20113433,560.0267598,1394.565794,123.4827214,148.1347013,0.032509753
1792,814.05,1065.048965,0.034478003,92.92162251,8.724633849,76.43310559,560.0840445,1285.065095,113.7869119,146.4466947,0.034478003
1793,823.6,1131.347727,0.031565657,89.71216546,7.929672136,72.79813097,560.1413292,1286.966948,113.9553127,133.1029238,0.031565657
1794,814.85,1194.821488,0.03257329,92.25944834,7.721609401,68.19847217,560.1986139,1184.550547,104.8867869,129.6105022,0.03257329
1795,771.52,1424.319058,0.034246575,76.09333224,5.342435868,54.16763861,560.2558987,914.2745992,80.95502997,89.67506123,0.034246575
1796,721.45,1256.826363,0.041841004,66.16294993,5.264287246,57.40251965,560.2558987,858.7920022,76.04228788,88.36330333,0.041841004
1797,722.16,1086.494266,0.046082949,61.10260998,5.623831795,66.46698677,560.2558987,935.0623138,82.79569148,94.39841171,0.046082949
1798,733.6,1125.613227,0.050505051,55.92087047,4.968036012,65.1733635,560.2558987,863.1656112,76.4295519,83.3906002,0.050505051
1799,704,1256.689165,0.064102564,48.17529533,3.833509246,56.02021722,560.2558987,628.7161076,55.67007044,64.34708527,0.064102564
1800,652.62,1414.826453,0.058823529,44.23880581,3.126800868,46.12721218,560.2558987,550.2895516,48.7257408,52.48468418,0.058823529
1801,668.44,1409.436284,0.060240964,42.24628715,2.99738893,47.42605307,560.2558987,556.3763107,49.26469678,50.31244969,0.060240964
1802,692.35,1344.754255,0.058823529,42.83587939,3.185405752,51.4852433,560.653118,614.2099231,54.38561104,53.46839212,0.058823529
1803,667.73,1364.735054,0.060240964,39.90172768,2.923770996,48.92744552,561.0503374,573.9898192,50.82429618,49.07674132,0.060240964
1804,689.78,1307.208939,0.067567568,37.05867825,2.83494682,52.76738702,561.4475567,570.0418425,50.47472005,47.5857897,0.067567568
1805,686.83,1457.204334,0.076923077,37.07195055,2.544046136,47.1334036,561.844776,462.4409406,40.94712928,42.70289783,0.076923077
1806,675.97,1405.068388,0.07545,33.69232426,2.397913478,48.10940206,562.2419954,478.938796,42.40794245,40.24999893,0.07545
1807,686.09,1360.831828,0.073,34.58777672,2.541664297,50.41695718,561.6069787,514.4587467,45.55307924,42.66291765,0.073
1808,680.49,1412.87484,0.072886297,35.95786843,2.545014421,48.16350187,560.6942591,492.0351811,43.56757025,42.7191509,0.072886297
1809,758.44,1368.731214,0.07625,32.37063752,2.365010543,55.41190208,559.7717437,547.2780452,48.45908504,39.69770915,0.07625
1810,754.23,1356.278064,0.0768,32.67702646,2.409316152,55.61027786,558.8391732,546.2699201,48.36981996,40.44139767,0.0768
1811,622.96,1336.390199,0.122,36.35100383,2.720089077,46.61512786,560.1735357,317.1097133,28.07868267,45.65785356,0.122
1812,568.26,1393.35871,0.103533333,34.90246975,2.504916322,40.78346774,561.4949382,317.2987644,28.09542232,42.04608724,0.103533333
1813,510.11,1345.497726,0.085066667,32.78553185,2.4366843,37.91236433,562.8025015,344.4490995,30.49946613,40.90078369,0.085066667
1814,559.35,1293.082978,0.0666,31.71274055,2.45249076,43.25708477,564.0960254,472.2389168,41.81469735,41.16610185,0.0666
1815,584.51,1290.75963,0.0609,32.48947617,2.517081834,45.28418665,565.3746377,527.173302,46.67889768,42.25029054,0.0609
1816,587.19,1433.506177,0.0569,34.53404273,2.409061313,40.96180466,565.0004747,500.144135,44.28558277,40.43712009,0.0569
1817,611.8,1550.974689,0.0576,34.2774922,2.210061353,39.44616275,564.6130052,477.5564497,42.28554171,37.09682101,0.0576
1818,609.44,1314.178985,0.058,35.55530101,2.705514349,46.3742007,563.2738236,558.7253096,49.4726904,45.41321055,0.058
1819,649.93,1160.001562,0.057,37.6297205,3.243937054,56.02837283,563.7384862,683.2728394,60.5008312,54.45086495,0.057
1820,613.49,1088.721223,0.0552,42.37908681,3.892556323,56.34959501,562.1594642,702.6134042,62.21335389,65.33821561,0.0552
1821,645.5,1034.819532,0.0525,41.09804562,3.971518158,62.37802632,527.8468384,804.8777589,71.26841668,66.66362364,0.0525
1822,646.47,987.980821,0.0525,40.30815212,4.079851679,65.43345643,515.8091584,844.3026636,74.75932011,68.48204792,0.0525
1823,660.25,990.3041698,0.052,40.12461806,4.051746856,66.67143491,504.2801933,865.8627911,76.66837541,68.0102965,0.052
1824,643.96,916.3287457,0.0429,40.39987624,4.408884522,70.27608847,495.9908918,1034.993939,91.64420125,74.00500432,0.0429
1825,664.7,930.0829703,0.0445,41.04305081,4.412837577,71.46674235,513.4932904,1028.298451,91.05134496,74.07135803,0.0445
1826,657.55,924.3210654,0.049,40.84070416,4.418454332,71.13870111,526.097977,961.3337988,85.12191694,74.16563765,0.049
1827,656.84,950.2496374,0.0476,38.619891,4.064183714,69.12288878,521.996988,952.1059061,84.30482727,68.21905446,0.0476
1828,669.2,933.9861961,0.0437,36.38664727,3.895844224,71.64988121,520.2226457,1042.938591,92.34766554,65.39340443,0.0437
1829,675.79,989.0960284,0.0394,34.39249423,3.477164324,68.32400299,517.5903996,1060.931723,93.94087897,58.365684,0.0394
1830,663.14,1049.688964,0.0622,34.54489873,3.29096522,63.17490445,518.3527151,724.4828492,64.14979791,55.24025274,0.0622
1831,618.8,1059.818764,0.0602,34.91914473,3.294822277,58.3873414,506.4075238,685.2974343,60.68010025,55.30499509,0.0602
1832,644.96,1006.660545,0.0597,34.93300054,3.47018672,64.06926379,521.8296886,756.4257826,66.9782054,58.24856195,0.0597
1833,648.49,964.2826638,0.05,35.03918472,3.633704725,67.25102756,509.3669748,896.6803675,79.39713746,60.9932813,0.05
1834,652.09,939.0046294,0.0462,35.36210037,3.765913315,69.44481205,511.7701309,975.3484838,86.3628562,63.21245879,0.0462
1835,649.96,946.1605436,0.0454,37.4367469,3.956701339,68.69447309,514.2037677,975.7737655,86.40051304,66.41491702,0.0454
1836,652.38,958.0560892,0.0462,39.15189169,4.08659703,68.09413429,532.0271024,956.3782907,84.6831283,68.59527151,0.0462
1837,656.26,931.6628474,0.0475,41.27983154,4.430769313,70.43964475,525.4770982,971.5813069,86.02928911,74.37234986,0.0475
1838,658.59,963.6321262,0.046,42.54554776,4.415123428,68.34454582,520.858146,962.5992369,85.23396597,74.10972701,0.046
1839,666.35,1009.820299,0.0479,43.97600236,4.354834459,65.98698805,515.7064356,905.1713038,80.14897285,73.09775099,0.0479
1840,671.17,1004.708932,0.0501,44.42835789,4.422012831,66.80243189,521.977466,889.5130744,78.7625049,74.22536858,0.0501
1841,670.36,997.5530179,0.0485,45.63951543,4.575146845,67.20043827,525.5389522,914.2916771,80.95654215,76.79578822,0.0485
1842,670.85,1014.466997,0.0478,47.28916994,4.661479386,66.12832177,525.194612,908.3560682,80.43096986,78.24491668,0.0478
1843,681.71,925.064537,0.0456,46.8240031,5.061701236,73.69323682,564.1344645,1043.813553,92.42513958,84.96281088,0.0456
1844,679.28,873.3932608,0.0384,46.91824632,5.371949661,77.77481582,563.0748002,1226.732111,108.6217805,90.17046282,0.0384
1845,678.54,942.4431856,0.0404,45.93589587,4.874128921,71.99797403,536.2711894,1100.886453,97.47869609,81.81432969,0.0404
1846,676.91,1043.834125,0.0418,47.45904924,4.546608327,64.84842599,553.3668427,970.7848202,85.95876368,76.31675704,0.0418
1847,677.49,1118.088351,0.0452,45.21562602,4.044011905,60.59360152,575.145342,863.1567167,76.42876433,67.88046205,0.0452
1848,677.04,924.7857351,0.0502,44.22648904,4.782349831,73.21047182,567.1144075,973.5435083,86.20303349,80.27377858,0.0502
1849,674.89,887.0545515,0.0451,45.47691977,5.126733153,76.08213033,564.3315607,1085.337095,96.10186819,86.0543993,0.0451
1850,677.16,861.7765171,0.0436,44.56647972,5.171466017,78.57721655,569.1420901,1145.440474,101.4237605,86.80525947,0.0436
1851,678.39,856.0146122,0.0428,47.65956332,5.567610954,79.2498154,568.2346374,1168.876333,103.4989036,93.45472095,0.0428
1852,675.49,873.9508645,0.0376,49.25958816,5.636425359,77.29153062,569.6163581,1234.688987,109.3263272,94.60980004,0.0376
1853,691.51,957.4984855,0.0399,51.10398185,5.337238923,72.22047977,572.1332527,1112.796298,98.53326098,89.5878283,0.0399
1854,702.71,1059.632896,0.0416,54.13243318,5.108602553,66.31636321,575.2026293,995.7411893,88.16854137,85.75006946,0.0416
1855,706.26,1158.700487,0.0398,53.76064916,4.639736477,60.9527663,577.5213732,940.6291096,83.28860698,77.8799527,0.0398
1856,710.12,1083.888657,0.0394,55.73134407,5.141796042,65.51595456,588.2043497,1017.328487,90.08000247,86.30723631,0.0394
1857,710.75,999.5046308,0.0394,54.21129823,5.423816615,71.11022582,590.888705,1104.196053,97.77174675,91.04107173,0.0394
1858,708.83,947.5545528,0.0388,52.34059598,5.523755421,74.80624708,596.5714391,1172.51171,103.8208003,92.71858715,0.0388
1859,707.9,921.8118487,0.039,52.60599771,5.706804245,76.7944132,603.1851558,1199.912706,106.2470391,95.79113962,0.039
1860,711.68,966.9777483,0.04,53.24054356,5.505870601,73.59838437,599.6040575,1132.282837,100.258709,92.41838283,0.04
1861,711.73,1045.042266,0.0397,55.91648969,5.350643845,68.10537939,602.7685656,1052.633375,93.20609642,89.81283562,0.0397
1862,720.5,980.4531711,0.0389,57.91394894,5.906855181,73.48642661,612.2540351,1150.022326,101.8294634,99.14907977,0.0389
1863,724.14,931.6299322,0.0392,61.40634773,6.59128111,77.72828834,613.4954295,1210.721002,107.2040666,110.6374605,0.0392
1864,730.52,912.5883021,0.0401,62.14308809,6.809542479,80.04923998,618.3623242,1229.635023,108.8788207,114.3010705,0.0401
1865,740.98,910.4321208,0.0405,65.06158976,7.146231802,81.38772601,623.460064,1242.560702,110.0233333,119.9525442,0.0405
1866,761.38,957.5510143,0.045,65.89583716,6.881705118,79.51325711,644.1592911,1135.903673,100.5793183,115.5123511,0.045
1867,759.45,978.7698951,0.0476,66.9218572,6.837343234,77.59229251,662.0212484,1068.76436,94.63442476,114.767718,0.0476
1868,774.26,967.1369329,0.0439,69.67784473,7.204548018,80.0569158,665.7309637,1161.929112,102.8837574,120.9314067,0.0439
1869,777.77,908.3958077,0.0465,66.94987869,7.370121936,85.62016617,667.5145738,1197.484841,106.0320623,123.7106354,0.0465
1870,787.12,903.0838456,0.0475,71.72262055,7.94196695,87.15912745,680.7440503,1202.194861,106.449114,133.3092975,0.0475
1871,788.7,947.3849522,0.0433,74.94549972,7.910775819,83.25021399,713.5060275,1218.890395,107.9274307,132.7857411,0.0433
1872,793.3,959.1856641,0.0466,80.50293366,8.392841623,82.70557304,743.1039901,1155.105769,102.2795801,140.8774209,0.0466
1873,808.19,966.7884507,0.0433,90.57433794,9.368578812,83.59533044,773.5172908,1223.943345,108.3748474,157.2555852,0.0433
1874,817.16,952.7788613,0.0401,99.38031996,10.43057566,85.7659666,798.8174581,1317.449564,116.6544154,175.0816545,0.0401
1875,857.65,905.2087392,0.0396,105.2631455,11.62860464,94.74610251,835.3083677,1466.657934,129.8661661,195.1910812,0.0396
1876,883.34,950.1935187,0.0396,106.9846757,11.25925126,92.96422072,845.4498592,1439.074624,127.4237843,188.9913274,0.0396
1877,888.16,974.3755337,0.0391,109.800631,11.26882062,91.15171402,850.4281589,1422.02362,125.9139922,189.1519532,0.0391
1878,924.05,949.8144886,0.0398,116.2541764,12.23967183,97.28741887,848.6232886,1501.349057,132.9379138,205.4481042,0.0398
1879,941.99,929.9412476,0.0386,118.4736384,12.73990574,101.2956466,859.4798422,1592.698846,141.0265395,213.8447434,0.0386
1880,961.44,923.2823341,0.0384,123.2393072,13.34795464,104.1328275,858.7043822,1642.473619,145.4338786,224.0511031,0.0384
1881,979.45,915.2021198,0.0372,121.7136509,13.29910063,107.0200755,871.104156,1720.579993,152.3498575,223.2310678,0.0372
1882,991.5,891.8394696,0.0375,123.5214949,13.8501938,111.1747163,880.450369,1778.79546,157.5045834,232.4814013,0.0375
1883,1000.44,865.7744664,0.0384,119.4471018,13.79656093,115.5543434,903.7916689,1822.623713,161.385384,231.5811508,0.0384
1884,1004.99,831.9124741,0.0375,113.8040949,13.67981589,120.8047759,914.6066275,1932.876414,171.1477801,229.6215356,0.0375
1885,1004.63,793.3145255,0.036,111.8170217,14.09491673,126.6370358,916.2000659,2076.016981,183.8222533,236.5891799,0.036
1886,1005.56,780.7538263,0.0336,106.6206517,13.65611645,128.793477,919.5234153,2197.840905,194.6092306,229.2237304,0.0336
1887,1005.9,777.5067281,0.0338,115.0147505,14.79276594,129.3750862,917.6076035,2200.256569,194.8231271,248.3028761,0.0338
1888,1008.05,756.6676432,0.0325,111.1054704,14.6835234,133.222295,926.2380697,2316.909479,205.1522338,246.4691936,0.0325
1889,1010.3,772.8633845,0.0299,105.049178,13.59220532,130.72168,936.1900267,2381.087067,210.8348794,228.1509548,0.0299
1890,1015.11,787.4596779,0.0319,97.93846945,12.43726786,128.9094577,947.3635964,2265.544071,200.6040508,208.7648377,0.0319
1891,1021.65,821.795421,0.0315,96.73151733,11.77075399,124.3192617,955.594165,2200.340915,194.8305956,197.5771185,0.0315
1892,1027.03,795.2474162,0.0301,99.85485415,12.55645125,129.1459713,963.2519528,2343.847029,207.5374364,210.7653817,0.0301
1893,1017.4,746.5645214,0.0296,95.37803256,12.77559137,136.2775716,975.5990003,2495.926219,221.0033857,214.4437419,0.0296
1894,1021.84,730.733831,0.0266,91.28233601,12.49187216,139.8375108,978.6598783,2710.029279,239.9612783,209.6813941,0.0266
1895,1028.06,719.7319615,0.0269,91.20934682,12.67268257,142.8392867,980.4203535,2752.202056,243.6954938,212.7163739,0.0269
1896,1029.54,710.1029488,0.028,92.89308519,13.08163631,144.9846113,991.6665139,2735.558703,242.2217975,219.5808366,0.028
1897,1041.66,721.1487966,0.0284,88.94121966,12.33326882,144.4445314,1007.603551,2704.953772,239.5118642,207.0191695,0.0284
1898,1049.82,727.1113587,0.0288,96.03189569,13.20731612,144.3822858,1040.88134,2683.68561,237.6286612,221.6904257,0.0288
1899,1051.22,715.9085593,0.0314,97.90288484,13.67533375,146.8371884,1045.674122,2603.496248,230.5282428,229.5463009,0.0314
1900,1057.76,742.0857272,0.0329,100,13.47553205,142.5387878,1055.573157,2461.809807,217.9825261,226.1925443,0.0329
1901,1056.49,787.3529566,0.0324,99.05971552,12.58136071,134.1825151,1071.686891,2337.674479,206.990884,211.1834976,0.0324
1902,1058.48,764.3482991,0.0307,99.58990341,13.02938772,138.4813705,1086.706403,2486.200548,220.1422199,218.7038217,0.0307
1903,1052.52,764.3482991,0.0311,95.0900924,12.44067561,137.7016213,1087.495317,2454.574354,217.3418583,208.8220382,0.0311
1904,1049.42,787.3529566,0.0312,91.72407804,11.64967722,133.2845697,1097.177571,2371.61156,209.9958646,195.5447934,0.0312
1905,1048.83,787.3529566,0.0316,91.46149403,11.61632699,133.209635,1113.483075,2353.527121,208.3945663,194.9849956,0.0316
1906,1053.22,787.3529566,0.0317,86.73887119,11.01651686,133.7671995,1127.744563,2359.209867,208.8977487,184.9169271,0.0317
1907,1055.26,798.4842425,0.0331,93.94076512,11.76488653,132.1578992,1135.187443,2274.662636,201.41146,197.4786307,0.0331
1908,1056.81,820.7468143,0.0331,87.95687208,10.7166876,128.7619984,1130.561051,2216.213398,196.2360348,179.8841653,0.0331
1909,1053.83,809.6155284,0.0327,86.38813494,10.67026655,130.1642524,1142.775782,2255.879591,199.7483033,179.1049682,0.0327
1910,1057.67,831.8781002,0.0335,87.51303246,10.51993464,127.1424262,1170.592115,2173.374808,192.4428644,176.5815831,0.0335
1911,1071.52,843.0093862,0.0352,87.07022854,10.32850048,127.1065326,1193.202028,2111.404195,186.9556368,173.3682792,0.0352
1912,1071.22,854.8827578,0.0371,92.18820948,10.78372544,125.3060715,1228.162291,2017.811136,178.6683794,181.009424,0.0371
1913,1070.04,866.0140437,0.035,98.71795568,11.39911718,123.5591972,1279.620793,2059.319953,182.3438042,191.3390364,0.035
1914,1072.57,866.0140437,0.0349,98.36567229,11.35843847,123.8513403,1273.856735,2067.635063,183.0800709,190.6562269,0.0349
1915,1072.19,989.2002744,0.0395,93.59180507,9.461360605,108.3895777,1348.789484,1680.458569,148.7972803,158.8129671,0.0395
1916,1108.05,1101.997305,0.0409,109.0956534,9.899811275,100.5492477,1507.301069,1525.785246,135.1016319,166.1725483,0.0409
1917,1101.94,1169.527106,0.0412,119.3663381,10.20637636,94.2209885,1590.879904,1423.277772,126.0250419,171.3183738,0.0412
1918,1128.9,1394.379082,0.0452,133.9127216,9.603752902,80.96076702,1951.133506,1153.28728,102.1185608,161.2030824,0.0452
1919,1168.84,1517.565312,0.05,159.212539,10.4913138,77.02073781,2588.061873,1026.943171,90.9313408,176.1011701,0.05
1920,1219.16,1675.629572,0.0556,174.8365612,10.43408186,72.75832442,3219.226183,902.7087396,79.93092353,175.1405076,0.0556
1921,1339.72,1450.777597,0.0521,162.6368508,11.21032273,92.34496058,3320.097191,1197.729709,106.0537442,188.1700412,0.0521
1922,1352.51,1292.713337,0.0486,153.489712,11.87345312,104.6256708,3141.411405,1421.54444,125.8715629,199.3009672,0.0486
1923,1416.57,1237.056907,0.0463,150.4682884,12.16340878,114.5113044,2916.613158,1606.04915,142.2086506,204.1679964,0.0463
1924,1499.72,1248.188193,0.047,150.4900755,12.05668154,120.1517534,2856.090553,1668.774353,147.7626939,202.3765342,0.047
1925,1553.8,1237.056907,0.0418,148.7782825,12.02679373,125.6045693,2838.79838,1880.307924,166.4930694,201.8748546,0.0418
1926,1530.9,1191.789678,0.04,148.6871531,12.47595577,128.453873,2879.146783,1976.213432,174.985084,209.4142307,0.04
1927,1549.4,1191.789678,0.0401,145.5786535,12.21512958,130.0061604,2905.085042,1997.022433,176.8276304,205.0361521,0.0401
1928,1555.7,1202.920964,0.0388,163.5153001,13.59318733,129.3268674,2994.427936,2027.066887,179.4879358,228.1674383,0.0388
1929,1551.08,1191.789678,0.0394,159.8864007,13.41565577,130.1471248,3109.709088,2020.918088,178.9434864,225.1874954,0.0394
1930,1559.5,1146.522449,0.0381,157.7414968,13.75825628,136.0200144,3161.585607,2155.626218,190.8713042,230.9381909,0.0381
1931,1448.42,1079.734733,0.0386,161.5967523,14.96633825,134.1459116,3011.720109,2109.212446,186.761567,251.2163613,0.0386
1932,1484.7,1000.33156,0.0389,135.8739457,13.58289103,148.4207896,2683.168824,2322.704063,205.6653189,227.9946105,0.0389
1933,1489.47,989.2002744,0.0368,134.6722242,13.61425261,150.5731487,2562.123614,2436.458717,215.7377976,228.521028,0.0368
1934,1496.1,989.2002744,0.0335,121.5785901,12.29059405,151.2433871,2446.842461,2585.357044,228.9220954,206.3028553,0.0335
1935,1496.32,955.8064167,0.0343,101.4145026,10.6103601,156.5505288,2322.915222,2639.975191,233.7582942,178.0994129,0.0343
1936,1496.27,933.5438449,0.0332,97.42043883,10.43555044,160.2784923,2271.038704,2753.925985,243.8481402,175.1651583,0.0332
1937,1504.73,955.8064167,0.0313,96.75468823,10.12283309,157.4304141,2337.325367,2796.277338,247.5981679,169.9160644,0.0313
1938,1501.29,978.0689885,0.0299,108.853841,11.12946451,153.4953074,2400.73,2795.907238,247.5653971,186.8128015,0.0299
1939,1498.66,989.2002744,0.0356,116.8255351,11.81009934,151.502182,2441.078404,2500.036006,221.3672894,198.237547,0.0356
1940,1500.7,1134.649077,0.0398,109.6999217,9.668180581,132.2611573,2685.186244,2041.067242,180.7276062,162.2845285,0.0398
1941,1500.7,1300.134194,0.0368,118.6529429,9.126207391,115.4265465,2685.186244,1867.743471,165.3805419,153.1872776,0.0368
1942,1500.7,1396.605339,0.0321,107.7598308,7.715839817,107.4534056,2685.186244,1881.845983,166.6292579,129.5136573,0.0321
1943,1500.7,1445.582997,0.0311,122.8448131,8.497942587,103.8127872,2929.294084,1850.495315,163.8532929,142.6415854,0.0311
1944,1500.7,1484.171454,0.0309,133.2611032,8.97882134,101.1136548,2929.294084,1808.831033,160.1641024,150.71334,0.0309
1945,1500.7,1707.539258,0.0301,134.9005459,7.900289572,87.88670556,3173.401925,1595.040028,141.2338409,132.609725,0.0301
1946,1500.7,1862.635175,0.0299,140.5163372,7.543953807,80.5686492,3905.725446,1467.552809,129.9454034,126.6284774,0.0299
1947,1500.7,1930.164977,0.0306,137.3602071,7.116500854,77.7498306,4149.833286,1398.378248,123.8202976,119.4534975,0.0306
1948,1500.7,1998.436863,0.0309,152.0611897,7.609006447,75.09369086,4393.941127,1343.357618,118.9484607,127.7204137,0.0309
1949,1500.7,2124.591437,0.0312,163.4749414,7.694417786,70.63475706,4638.048967,1256.846211,111.2882528,129.1540794,0.0312
1950,1500.7,2318.275812,0.0312,144.3717021,6.227546411,64.73345373,4882.156807,1151.840814,101.9904826,104.5320186,0.0312
1951,1717.233868,2541.643616,0.0342,156.036,6.139176989,67.56391246,5370.372488,1141.282305,101.0555727,103.0487003,0.0342
1952,1734.406206,2541.643616,0.0341,156.6581575,6.163655537,68.23955158,5370.372488,1154.645543,102.2388291,103.4595831,0.0341
1953,1734.406206,2541.643616,0.0318,168.7434391,6.639146341,68.23955158,5370.372488,1201.400556,106.3787817,111.4408988,0.0318
1954,1974.818948,2643.30936,0.0316,162.6452814,6.153092931,74.71009553,6102.696009,1319.966352,116.8772661,103.2822853,0.0316
1955,2009.163625,2693.77119,0.0318,178.3040643,6.619124332,74.58553394,6590.91169,1313.125597,116.2715471,111.1048208,0.0318
1956,2060.680641,2744.975105,0.0342,190.0178952,6.922390475,75.07101385,6835.01953,1268.09145,112.2839696,116.1952722,0.0342
1957,2318.265721,2923.07568,0.0405,194.3030985,6.647214093,79.3091242,7567.343052,1210.826323,107.2133923,111.5763194,0.0405
1958,2575.850802,2973.537509,0.0407,200.0623507,6.728092385,86.62580491,7811.450892,1318.505402,116.7479053,112.933896,0.0407
1959,2575.850802,2998.768424,0.04398334,228.4207623,7.617152443,85.89695626,8055.558732,1245.184073,110.2556213,127.8571477,0.04398334
1960,2575.850802,3075.203254,0.04455,279.4309743,9.086585543,83.76196917,8787.882253,1204.341757,106.6392122,152.5222081,0.04455
1961,2987.98693,3126.407169,0.04179167,313.1757511,10.01711339,95.572546,9031.990094,1430.905171,126.7004149,168.1415143,0.04179167
1962,3065.262454,3186.516113,0.04235833,297.4635632,9.33507168,96.19478908,9764.313615,1428.105315,126.4524998,156.6931537,0.04235833
1963,3245.57201,3308.218172,0.04309166,279.4819419,8.448110957,98.10634732,10496.63714,1440.79829,127.5764074,141.8051402,0.04309166
1964,3400.123058,3490.029175,0.05089167,401.2351851,11.49661407,97.42391503,12205.39202,1283.723431,113.6681135,192.9755632,0.05089167
1965,3566.729088,3672.582264,0.05500834,379.3929733,10.33041457,97.11774527,13425.93122,1213.845273,107.4807071,173.400408,0.05500834
1966,3794.537333,3884.818782,0.06583333,364.4198874,9.380614845,97.67604477,14646.47042,1075.332643,95.21601757,157.4576151,0.06583333
1967,3933.942378,4006.520841,0.06424167,306.5034463,7.650114863,98.18849157,15622.90178,1100.253856,97.42268241,128.4104359,0.06424167
1968,4171.950992,4154.195901,0.06519166,332.4382625,8.002469562,100.4274014,16355.22531,1113.488779,98.59457714,134.3248596,0.06519166
1969,4386.158745,4463.645649,0.07473333,299.9649088,6.720177459,98.26404446,17819.87235,985.2678584,87.24117358,112.8010406,0.07473333
1970,4565.991254,4661.040453,0.08010834,240.6590443,5.16320437,97.96077291,20294.85462,931.9980976,82.52436849,86.66658421,0.08010834
1971,4912.497794,5012.789088,0.07625834,270.4936983,5.396071799,97.99929157,23759.8298,967.8145185,85.69575641,90.57536318,0.07625834
1972,5228.301224,5404.610352,0.07354167,310.8737366,5.752010161,96.73780131,26729.80852,981.6943564,86.92475556,96.54994017,0.07354167
1973,5601.124717,5836.504245,0.07916667,461.930665,7.914509192,95.9671146,30142.1245,921.2842706,81.57570582,132.8484073,0.07916667
1974,6000.265163,6399.005226,0.09824166,571.3685451,8.929021386,93.76871797,34691.87914,760.852442,67.3701668,149.8774266,0.09824166
1975,6373.088656,7051.29858,0.08786667,463.9574819,6.57974523,90.38177272,40037.84085,800.7835503,70.90589236,110.4438258,0.08786667
1976,7105.993852,7672.424334,0.089525,604.4780649,7.878579684,92.61732071,43791.38843,808.7083232,71.60759645,132.2453153,0.089525
1977,7641.333299,8185.947657,0.08100833,750.8215848,9.172078986,93.34696017,46976.21668,880.5625008,77.96997063,153.9572519,0.08100833
1978,8093.822594,8517.659977,0.07735833,769.2650424,9.031412905,95.02401617,49933.55719,928.3466834,82.20105168,151.5961118,0.07735833
1979,8692.892927,8878.313641,0.08775,858.3021176,9.667400278,97.91153229,52322.17838,868.3949648,76.89258836,162.2714307,0.08775
1980,9298.33635,9457.882594,0.1020833,1069.9964,11.3132764,98.31308707,54483.31184,773.6113799,68.49991512,189.8981624,0.1020833
1981,9977.114903,10093.85006,0.115525,932.0860032,9.234197038,98.84350217,55848.23823,703.3873131,62.28188015,154.9999299,0.115525
1982,10730.28015,10694.9395,0.100975,868.7013026,8.122545271,100.3304427,59601.78581,796.4313771,70.52052639,136.3403815,0.100975
1983,11539.23541,10997.71048,0.08610833,628.9020339,5.718481452,104.9239788,60170.50514,944.3394458,83.61714107,95.98714651,0.08610833
1984,12106.43393,11357.62206,0.08328333,614.576159,5.411134089,106.5930339,60284.249,984.3900615,87.16344849,90.82819013,0.08328333
1985,12524.85906,11612.89955,0.073275,600.6551811,5.172310141,107.8529872,61876.66313,1097.461075,97.17539381,86.81942845,0.073275
1986,12837.98054,11632.19377,0.063175,673.0817663,5.786369963,110.3659447,63241.58952,1251.669347,110.829864,97.12668408,0.063175
1987,13113.52744,11575.05317,0.064025,770.3724172,6.655454674,113.2912933,63924.05272,1272.578414,112.6812708,111.7146411,0.064025
1988,13439.17377,11656.6826,0.06415833,899.2201814,7.714203194,115.291582,64492.77205,1293.110604,114.4993066,129.4861859,0.06415833
1989,13839.96926,11785.06343,0.07218333,1018.094476,8.638854446,117.4365276,65516.46684,1208.401971,106.9987265,145.0068509,0.07218333
1990,14240.76475,12075.96104,0.08920834,1091.105299,9.035349616,117.9265543,67677.6003,1032.556416,91.42836924,151.6621912,0.08920834
1991,14938.56223,12541.99088,0.08739166,1152.774457,9.191319527,119.1083806,70179.96535,1059.761735,93.83728158,154.2802126,0.08739166
1992,15522.43358,13007.27863,0.081025,1220.406699,9.382490635,119.3365194,73137.30587,1125.55076,99.66261297,157.489101,0.081025
1993,16063.58264,13275.17157,0.06360833,1347.399697,10.14977238,121.0047084,75525.92706,1365.613237,120.9190987,170.3682519,0.06360833
1994,16818.34318,13641.01984,0.06865,1374.250068,10.07439388,123.2924178,76663.36572,1316.523415,116.572409,169.1029917,0.06865
1995,17645.47481,13884.42396,0.06899167,1435.176592,10.33659442,127.0882743,77459.57278,1352.122739,119.724574,173.5041394,0.06899167
1996,18472.60644,14176.80573,0.06899167,1699.950809,11.99107078,130.3016123,78938.24304,1386.310216,122.751726,201.2752297,0.06899167
1997,19174.56548,14482.54505,0.05576667,1977.142417,13.65189896,132.3977617,81213.12036,1639.262355,145.1495352,229.152938,0.05576667
1998,19845.67528,14760.8272,0.04631667,2392.068831,16.20552018,134.4482596,83942.97314,1885.229073,166.9288157,272.0165577,0.04631667
1999,20579.96526,15080.66615,0.0462925,2996.991928,19.87307389,136.4658899,86672.82593,1914.16895,169.4913157,333.5780086,0.0462925
2000,21032.7245,15456.90361,0.05403833,3539.219275,22.89733678,136.0733367,89516.42258,1721.611992,152.4412365,384.3415492,0.05403833
2001,21558.54261,16166.33757,0.049575,3820.900245,23.63491563,133.3545246,93497.45789,1788.193424,158.336732,396.7221243,0.049575
2002,22119.06472,16708.80223,0.0489025,3752.255033,22.45675651,132.3797147,96909.77387,1791.275189,158.6096089,376.9462217,0.0489025
2003,22672.04133,17065.74547,0.04123167,3536.412934,20.72228805,132.851163,99639.62666,2005.855552,177.6097646,347.8324299,0.04123167
2004,23374.87462,17267.59279,0.04095,3612.628263,20.92143536,135.368461,100777.0653,2052.592283,181.7480983,351.1752024,0.04095
2005,24146.24548,17562.94291,0.03374,3834.560821,21.83324765,137.4840515,101573.2724,2340.55246,207.2457167,366.48036,0.03374
2006,24870.63284,17764.79022,0.0378075,4173.331832,23.49215375,139.9995865,103620.662,2229.026572,197.3705855,394.3258053,0.0378075
2007,25268.56297,18050.49323,0.04288167,4681.920179,25.93790718,139.9882133,105781.7954,2062.238795,182.6022549,435.3788182,0.04288167
2008,27044.50774,18500.19718,0.0422675,4963.083706,26.82719356,146.1849702,109307.8553,2173.18869,192.4263845,450.3058688,0.0422675
2009,26013.55576,18720.59664,0.03686833,4650.522941,24.84174533,138.9568733,112378.9397,2246.009765,198.8743732,416.9792747,0.03686833
2010,23456.55509,18958.80616,0.02990083,4716.148228,24.87576585,123.7237983,113743.866,2253.587027,199.5453067,417.5503237,0.02990083
2011,24444.35094,19402.57342,0.0298875,4545.859052,23.42915526,125.985097,114995.0486,2295.333127,203.2417418,393.2683488,0.0298875
2012,25746.22751,19878.99246,0.0193275,4315.157649,21.70712453,129.5147506,116587.4627,2921.769796,258.7099779,364.3633297,0.0193275
2013,26730.42702,20377.67407,0.019613333,4288.642168,21.04578841,131.1750641,117952.3891,2940.265953,260.3477321,353.2625213,0.019613333
2014,27731.40946,20576.55305,0.0145425,4731.779464,22.99597728,134.7718901,118976.0839,3408.279448,301.7882867,385.997272,0.0145425
2015,29971.93184,20710.12848,0.006901667,5310.101436,25.64011827,144.7211294,120682.2419,4536.475458,401.685125,430.3803045,0.006901667
2016,31786.88684,20776.17411,0.0029,6079.884927,29.26373689,152.9968255,122843.3753,5483.757185,485.5627922,491.2042863,0.0029
2017,32036.23337,21061.87711,0.0052,6612.844172,31.39722133,152.1053095,124549.5333,5036.599653,445.9689422,527.0157312,0.0052
2018,32841.81445,21422.53077,0.0057,7380.858154,34.45371713,153.305017,127051.8984,4993.648764,442.1658282,578.3203149,0.0057
2019,33733.70779,21985.77384,-0.0007,7702.70509,35.03495099,153.4342527,130236.7266,6314.166777,559.0919415,588.0765727,-0.0007