Year,DuonHPI,JordaHPI,JordaHousingTR,JordaRentRtn,JordaRentYd,JordaBillYield,JordaBondYield,JordaEquityTR,EquityTR,CPI,EichholtzRPI,RPItot,HPI,Count,MedianYield,PortfolioYield,MedianYield10,PortfolioYield10,Count10,BondYield,MedianBail,PortfolioBail,CountBail,TaxRate,TransTax,VacancyRate,MedianNetYield,PortfolioNetYield,PortfolioNetH,PortfolioNetL,RegYieldFig,MedYieldLeTemps,PortfolioYieldLeTemps,PortfolioYieldAlt,PortfolioNetYieldAlt
1760,NA,NA,NA,NA,NA,NA,NA,NA,NA,5352.316063,81.74350365,NA,NA,NA,NA,NA,NA,NA,NA,NA,NA,NA,NA,NA,NA,NA,NA,NA,NA,NA,NA,NA,NA,NA,NA
1761,NA,NA,NA,NA,NA,NA,NA,NA,NA,5671.462499,80.9835785,NA,NA,NA,NA,NA,NA,NA,NA,NA,NA,NA,NA,NA,NA,NA,NA,NA,NA,NA,NA,NA,NA,NA,NA
1762,NA,NA,NA,NA,NA,NA,NA,NA,NA,6101.601507,79.80466041,NA,NA,NA,NA,NA,NA,NA,NA,NA,NA,NA,NA,NA,NA,NA,NA,NA,NA,NA,NA,NA,NA,NA,NA
1763,NA,NA,NA,NA,NA,NA,NA,NA,NA,5629.28292,81.20609278,NA,NA,NA,NA,NA,NA,NA,NA,NA,NA,NA,NA,NA,NA,NA,NA,NA,NA,NA,NA,NA,NA,NA,NA
1764,NA,NA,NA,NA,NA,NA,NA,NA,NA,5827.787648,79.88058864,NA,NA,NA,NA,NA,NA,NA,NA,NA,NA,NA,NA,NA,NA,NA,NA,NA,NA,NA,NA,NA,NA,NA,NA
1765,NA,NA,NA,NA,NA,NA,NA,NA,NA,6173.316922,82.53314214,NA,NA,NA,NA,NA,NA,NA,NA,NA,NA,NA,NA,NA,NA,NA,NA,NA,NA,NA,NA,NA,NA,NA,NA
1766,NA,NA,NA,NA,NA,NA,NA,NA,NA,6218.571377,86.95959856,NA,NA,NA,NA,NA,NA,NA,NA,NA,NA,NA,NA,NA,NA,NA,NA,NA,NA,NA,NA,NA,NA,NA,NA
1767,NA,NA,NA,NA,NA,NA,NA,NA,NA,6708.425506,87.62800459,NA,NA,NA,NA,NA,NA,NA,NA,NA,NA,NA,NA,NA,NA,NA,NA,NA,NA,NA,NA,NA,NA,NA,NA
1768,NA,NA,NA,NA,NA,NA,NA,NA,NA,7315.890378,88.40484715,NA,NA,NA,NA,NA,NA,NA,NA,NA,NA,NA,NA,NA,NA,NA,NA,NA,NA,NA,NA,NA,NA,NA,NA
1769,NA,NA,NA,NA,NA,NA,NA,NA,NA,7087.08358,88.42093678,NA,NA,NA,NA,NA,NA,NA,NA,NA,NA,NA,NA,NA,NA,NA,NA,NA,NA,NA,NA,NA,NA,NA,NA
1770,NA,NA,NA,NA,NA,NA,NA,NA,NA,7826.656766,86.52731536,NA,NA,NA,NA,NA,NA,NA,NA,NA,NA,NA,NA,NA,NA,NA,NA,NA,NA,NA,NA,NA,NA,NA,NA
1771,NA,NA,NA,NA,NA,NA,NA,NA,NA,7766.378736,88.28268826,NA,NA,NA,NA,NA,NA,NA,NA,NA,NA,NA,NA,NA,NA,NA,NA,NA,NA,NA,NA,NA,NA,NA,NA
1772,NA,NA,NA,NA,NA,NA,NA,NA,NA,7308.494973,84.47912809,NA,NA,NA,NA,NA,NA,NA,NA,NA,NA,NA,NA,NA,NA,NA,NA,NA,NA,NA,NA,NA,NA,NA,NA
1773,NA,NA,NA,NA,NA,NA,NA,NA,NA,7463.387701,86.93402764,NA,NA,NA,NA,NA,NA,NA,NA,NA,NA,NA,NA,NA,NA,NA,NA,NA,NA,NA,NA,NA,NA,NA,NA
1774,NA,NA,NA,NA,NA,NA,NA,NA,NA,7760.853807,86.68347046,NA,NA,NA,NA,NA,NA,NA,NA,NA,NA,NA,NA,NA,NA,NA,NA,NA,NA,NA,NA,NA,NA,NA,NA
1775,NA,NA,NA,NA,NA,NA,NA,NA,NA,7988.137438,87.11653804,NA,NA,NA,NA,NA,NA,NA,NA,NA,NA,NA,NA,NA,NA,NA,NA,NA,NA,NA,NA,NA,NA,NA,NA
1776,NA,NA,NA,NA,NA,NA,NA,NA,NA,7320.567166,92.16455179,NA,NA,NA,NA,NA,NA,NA,NA,NA,NA,NA,NA,NA,NA,NA,NA,NA,NA,NA,NA,NA,NA,NA,NA
1777,NA,NA,NA,NA,NA,NA,NA,NA,NA,7635.974922,93.96000858,NA,NA,NA,NA,NA,NA,NA,NA,NA,NA,NA,NA,NA,NA,NA,NA,NA,NA,NA,NA,NA,NA,NA,NA
1778,NA,NA,NA,NA,NA,NA,NA,NA,NA,7807.216306,94.44685665,NA,NA,NA,NA,NA,NA,NA,NA,NA,NA,NA,NA,NA,NA,NA,NA,NA,NA,NA,NA,NA,NA,NA,NA
1779,NA,NA,NA,NA,NA,NA,NA,NA,NA,7239.569494,92.59177421,NA,NA,NA,NA,NA,NA,NA,NA,NA,NA,NA,NA,NA,NA,NA,NA,NA,NA,NA,NA,NA,NA,NA,NA
1780,NA,NA,NA,NA,NA,NA,NA,NA,NA,6887.858892,93.61734624,NA,NA,NA,NA,NA,NA,NA,NA,NA,NA,NA,NA,NA,NA,NA,NA,NA,NA,NA,NA,NA,NA,NA,NA
1781,NA,NA,NA,NA,NA,NA,NA,NA,NA,6755.679712,96.91283196,NA,NA,NA,NA,NA,NA,NA,NA,NA,NA,NA,NA,NA,NA,NA,NA,NA,NA,NA,NA,NA,NA,NA,NA
1782,NA,NA,NA,NA,NA,NA,NA,NA,NA,6952.5839,96.28008214,NA,NA,NA,NA,NA,NA,NA,NA,NA,NA,NA,NA,NA,NA,NA,NA,NA,NA,NA,NA,NA,NA,NA,NA
1783,NA,NA,NA,NA,NA,NA,NA,NA,NA,6864.642722,97.92673747,NA,NA,NA,NA,NA,NA,NA,NA,NA,NA,NA,NA,NA,NA,NA,NA,NA,NA,NA,NA,NA,NA,NA,NA
1784,NA,NA,NA,NA,NA,NA,NA,NA,NA,7769.449194,102.5106677,NA,NA,NA,NA,NA,NA,NA,NA,NA,NA,NA,NA,NA,NA,NA,NA,NA,NA,NA,NA,NA,NA,NA,NA
1785,NA,NA,NA,NA,NA,NA,NA,NA,NA,7990.090358,97.27369256,NA,NA,NA,NA,NA,NA,NA,NA,NA,NA,NA,NA,NA,NA,NA,NA,NA,NA,NA,NA,NA,NA,NA,NA
1786,NA,NA,NA,NA,NA,NA,NA,NA,NA,8085.597698,95.97945216,NA,NA,NA,NA,NA,NA,NA,NA,NA,NA,NA,NA,NA,NA,NA,NA,NA,NA,NA,NA,NA,NA,NA,NA
1787,NA,NA,NA,NA,NA,NA,NA,NA,NA,8207.119079,95.01369122,NA,NA,NA,NA,NA,NA,NA,NA,NA,NA,NA,NA,NA,NA,NA,NA,NA,NA,NA,NA,NA,NA,NA,NA
1788,NA,NA,NA,NA,NA,NA,NA,NA,NA,8522.878905,92.91413502,NA,NA,NA,NA,NA,NA,NA,NA,NA,NA,NA,NA,NA,NA,NA,NA,NA,NA,NA,NA,NA,NA,NA,NA
1789,NA,NA,NA,NA,NA,NA,NA,NA,NA,9064.228893,94.97700975,NA,NA,NA,NA,NA,NA,NA,NA,NA,NA,NA,NA,NA,NA,NA,NA,NA,NA,NA,NA,NA,NA,NA,NA
1790,NA,NA,NA,NA,NA,NA,NA,NA,NA,7920.569838,94.06322841,NA,NA,NA,NA,NA,NA,NA,NA,NA,NA,NA,NA,NA,NA,NA,NA,NA,NA,NA,NA,NA,NA,NA,NA
1791,NA,NA,NA,NA,NA,NA,NA,NA,NA,8969.011911,93.45903715,NA,NA,NA,NA,NA,NA,NA,NA,NA,NA,NA,NA,NA,NA,NA,NA,NA,NA,NA,NA,NA,NA,NA,NA
1792,NA,NA,NA,NA,NA,NA,NA,NA,NA,9355.277853,94.88456832,NA,NA,NA,NA,NA,NA,NA,NA,NA,NA,NA,NA,NA,NA,NA,NA,NA,NA,NA,NA,NA,NA,NA,NA
1793,NA,NA,NA,NA,NA,NA,NA,NA,NA,9373.922736,88.84338753,NA,NA,NA,NA,NA,NA,NA,NA,NA,NA,NA,NA,NA,NA,NA,NA,NA,NA,NA,NA,NA,NA,NA,NA
1794,NA,NA,NA,NA,NA,NA,NA,NA,NA,9057.203928,90.56691087,NA,NA,NA,NA,NA,NA,NA,NA,NA,NA,NA,NA,NA,NA,NA,NA,NA,NA,NA,NA,NA,NA,NA,NA
1795,NA,NA,NA,NA,NA,NA,NA,NA,NA,8700.478144,93.42638935,NA,NA,NA,NA,NA,NA,NA,NA,NA,NA,NA,NA,NA,NA,NA,NA,NA,NA,NA,NA,NA,NA,NA,NA
1796,NA,NA,NA,NA,NA,NA,NA,NA,NA,9397.994263,91.40403893,NA,NA,NA,NA,NA,NA,NA,NA,NA,NA,NA,NA,NA,NA,NA,NA,NA,NA,NA,NA,NA,NA,NA,NA
1797,NA,NA,NA,NA,NA,NA,NA,NA,NA,9060.100349,90.25517672,NA,NA,NA,NA,NA,NA,NA,NA,NA,NA,NA,NA,NA,NA,NA,NA,NA,NA,NA,NA,NA,NA,NA,NA
1798,NA,NA,NA,NA,NA,NA,NA,NA,NA,8500.770543,89.12075465,NA,NA,NA,NA,NA,NA,NA,NA,NA,NA,NA,NA,NA,NA,NA,NA,NA,NA,NA,NA,NA,NA,NA,NA
1799,NA,NA,NA,NA,NA,NA,NA,NA,NA,8342.665375,88.00059119,NA,NA,NA,NA,NA,NA,NA,NA,NA,NA,NA,NA,NA,NA,NA,NA,NA,NA,NA,NA,NA,NA,NA,NA
1800,NA,NA,NA,NA,NA,NA,NA,NA,NA,8166.428323,86.89450709,NA,NA,NA,NA,NA,NA,NA,NA,NA,NA,NA,NA,NA,NA,NA,NA,NA,NA,NA,NA,NA,NA,NA,NA
1801,NA,NA,NA,NA,NA,NA,NA,NA,NA,8824.528464,86.35088127,NA,NA,NA,NA,NA,NA,NA,NA,NA,NA,NA,NA,NA,NA,NA,NA,NA,NA,NA,NA,NA,NA,NA,NA
1802,NA,NA,NA,NA,NA,NA,NA,NA,100,8609.655631,85.8106564,NA,NA,NA,NA,NA,NA,NA,NA,NA,NA,NA,NA,NA,NA,NA,NA,NA,NA,NA,NA,NA,NA,NA,NA
1803,NA,NA,NA,NA,NA,NA,NA,NA,109.2473128,8048.413286,90.07093856,NA,NA,NA,NA,NA,NA,NA,NA,NA,NA,NA,NA,NA,NA,NA,NA,NA,NA,NA,NA,NA,NA,NA,NA
1804,NA,NA,NA,NA,NA,NA,NA,NA,118.2103778,8894.721161,90.55686042,NA,NA,NA,NA,NA,NA,NA,NA,NA,NA,NA,NA,NA,NA,NA,NA,NA,NA,NA,NA,NA,NA,NA,NA
1805,NA,NA,NA,NA,NA,NA,NA,NA,142.57497,8690.07755,95.72570117,NA,NA,NA,NA,NA,NA,NA,NA,NA,NA,NA,NA,NA,NA,NA,NA,NA,NA,NA,NA,NA,NA,NA,NA
1806,NA,NA,NA,NA,NA,NA,NA,NA,140.0978946,7318.019696,97.57847187,102.0343176,81.12595551,13,0.078025725,0.07083044,0.078163765,0.086502778,5,NA,0.119666148,0.11609868,2,NA,0.04,0.02920242,NA,NA,NA,NA,NA,NA,NA,NA,NA
1807,NA,NA,NA,NA,NA,NA,NA,NA,163.7553825,8151.627123,93.30011607,98.14795828,95.76756562,11,0.089059203,0.087693227,0.053571429,0.055459032,3,NA,0.080143582,0.128365133,5,NA,0.04,0.02920242,NA,NA,NA,NA,NA,NA,NA,NA,NA
1808,NA,NA,NA,NA,NA,NA,NA,NA,174.692599,8025.232093,97.43452161,99.15407321,99.79862293,26,0.078861191,0.079031857,0.074455322,0.086525105,15,NA,0.06542857,0.06654766,12,NA,0.04,0.02920242,NA,NA,NA,NA,NA,NA,NA,NA,NA
1809,NA,NA,NA,NA,NA,NA,NA,NA,179.5216664,8723.38422,100,101.7245564,100,159,0.071313255,0.068969809,0.068957365,0.068237511,95,0.054779009,0.082145974,0.07936263,45,0.181994586,0.04,0.02920242,0.034858133,0.033712649,0.038885385,0.028539913,NA,NA,NA,0.07936263,0.038792691
1810,NA,NA,NA,NA,NA,NA,NA,NA,195.6901231,8685.621693,94.30794944,104.6770235,84.00085912,185,0.073486328,0.074095831,0.074407217,0.07149582,122,0.054617721,0.082061095,0.083651484,46,0.235407415,0.04,0.02920242,0.031995224,0.032260596,0.037817783,0.026703409,NA,NA,NA,0.083651484,0.036421033
1811,NA,NA,NA,NA,NA,NA,NA,NA,202.3750718,8769.427117,89.50569018,103.5954424,98.02291981,167,0.063518842,0.065806393,0.064273768,0.066746401,107,0.054257966,0.075,0.066074466,47,0.208937285,0.04,0.02920242,0.029336831,0.03039336,0.03532884,0.025457881,NA,NA,NA,0.066074466,0.030517172
1812,NA,NA,NA,NA,NA,NA,NA,NA,212.3940649,9247.240032,92.89451377,102.6415744,103.7603931,179,0.062957641,0.056932892,0.05919806,0.050896058,119,0.053836234,0.066805529,0.062235559,54,0.21127234,0.04,0.02920242,0.028930625,0.026162101,0.030432068,0.021892134,NA,NA,NA,0.062235559,0.02859881
1813,NA,NA,NA,NA,NA,NA,NA,NA,193.7147228,9317.368046,97.32621799,103.9239458,100.5862957,174,0.06666681,0.062333047,0.066251756,0.059011758,124,0.066430211,0.074506894,0.073972035,59,0.21728748,0.04,0.02920242,0.030234072,0.028268666,0.032943645,0.023593688,NA,NA,NA,0.073972035,0.033547065
1814,NA,NA,NA,NA,NA,NA,NA,NA,192.3010115,8446.230443,93.20004184,105.9975083,96.39333848,125,0.072742728,0.068635781,0.062288304,0.060575715,89,0.067990007,0.077315283,0.068042218,36,0.196078364,0.04,0.02920242,0.034532371,0.032582724,0.037730408,0.027435041,NA,NA,NA,0.068042218,0.032300948
1815,NA,NA,NA,NA,NA,NA,NA,NA,207.0115653,9324.326154,99.08462187,105.2988967,100.0759483,100,0.061928345,0.064236104,0.054911328,0.053619308,65,0.070895566,0.077166926,0.078289875,24,0.252631012,0.055,0.02920242,0.025896363,0.026861391,0.031679099,0.022043683,NA,NA,NA,0.078289875,0.032738208
1816,NA,NA,NA,NA,NA,NA,NA,NA,236.9738032,9621.670867,93.91166011,112.0866493,98.09074775,199,0.073904327,0.075049581,0.07115266,0.07081785,159,0.075723054,0.087162609,0.082269257,57,0.248628522,0.055,0.02920242,0.03120012,0.031683611,0.037312329,0.026054892,NA,NA,NA,0.082269257,0.034731535
1817,NA,NA,NA,NA,NA,NA,NA,NA,308.6947464,9313.10373,97.65115966,114.6120108,101.6645887,218,0.077703341,0.079866706,0.072839227,0.077680491,154,0.068576294,0.08880955,0.086753315,57,0.279050363,0.055,0.02920242,0.030440068,0.03128756,0.037277563,0.025297557,NA,NA,NA,0.086753315,0.03398537
1818,NA,NA,NA,NA,NA,NA,NA,NA,381.9852521,8955.769955,96.62399951,117.7203709,110.9570965,217,0.071187211,0.070691772,0.069568891,0.06753969,163,0.061902073,0.081445039,0.07991387,73,0.235059671,0.055,0.02920242,0.031018966,0.030803085,0.036104968,0.025501202,NA,NA,NA,0.07991387,0.034821503
1819,NA,NA,NA,NA,NA,NA,NA,NA,378.435736,9282.67294,99.49778368,114.4538888,111.3527047,202,0.066041466,0.06794624,0.061986901,0.060877662,146,0.063454516,0.079068004,0.069626916,53,0.211847891,0.055,0.02920242,0.03030971,0.031183906,0.036279874,0.026087938,NA,NA,NA,0.069626916,0.031955251
1820,NA,NA,NA,NA,NA,NA,NA,NA,388.3976579,9456.254101,102.2600578,117.904631,126.4067165,249,0.05872317,0.061988287,0.055813492,0.057600902,182,0.057752701,0.074523799,0.067058192,70,0.192802027,0.055,0.02920242,0.028069414,0.029630125,0.034279247,0.024981004,NA,NA,NA,0.067058192,0.032053518
1821,NA,NA,NA,NA,NA,NA,NA,NA,439.079208,9621.833622,117.572294,125.1503799,132.2853549,271,0.060110142,0.058924139,0.058198655,0.056429797,192,0.05178162,0.080465287,0.072470245,73,0.187620033,0.055,0.02920242,0.029043871,0.028470821,0.032890131,0.024051511,NA,NA,NA,0.072470245,0.035015995
1822,NA,NA,NA,NA,NA,NA,NA,NA,477.9403685,9291.202246,123.9443368,129.4741394,157.4929665,237,0.056764958,0.058197839,0.054232639,0.053212803,175,0.04877615,0.062071514,0.056274136,71,0.25286461,0.055,0.02920242,0.023723947,0.024322796,0.028687634,0.019957958,NA,NA,NA,0.056274136,0.023518817
1823,NA,NA,NA,NA,NA,NA,NA,NA,491.7943362,9161.561276,125.8550004,139.5169148,163.0779386,217,0.056383517,0.061629603,0.051355194,0.056654285,163,0.050669237,0.065927545,0.061362359,65,0.225227699,0.055,0.02920242,0.025122797,0.027460295,0.032082515,0.022838075,NA,NA,NA,0.061362359,0.027341219
1824,NA,NA,NA,NA,NA,NA,NA,NA,640.2977425,8252.231821,138.7670922,144.9085849,191.1468163,279,0.051948691,0.050383424,0.0491161,0.04823362,196,0.043161879,0.062428026,0.055138454,95,0.123625153,0.055,0.02920242,0.028424891,0.02756842,0.031347177,0.023789664,NA,NA,NA,0.055138454,0.030170242
1825,NA,NA,NA,NA,NA,NA,NA,NA,735.7897125,9844.683679,145.7561256,150.7292645,220.8932641,236,0.049969013,0.049886105,0.048266284,0.045961462,162,0.042280392,0.055314119,0.052157082,74,0.102684327,0.055,0.02920242,0.028388059,0.028340957,0.032082415,0.0245995,NA,NA,NA,0.052157082,0.02963113
1826,NA,NA,NA,NA,NA,NA,NA,NA,720.6691645,8379.939313,147.7576142,149.5892749,207.3836572,135,0.056482971,0.052856618,0.053552759,0.050641731,94,0.045311234,0.063271482,0.057045121,37,0.103671208,0.055,0.02920242,0.032032982,0.029976382,0.033940628,0.026012136,NA,NA,NA,0.057045121,0.032351793
1827,NA,NA,NA,NA,NA,NA,NA,NA,729.9009088,8596.196933,155.7782232,149.4378683,202.0503188,120,0.049470492,0.058188624,0.048481386,0.056352256,87,0.042707811,0.062883201,0.057035356,41,0.085947235,0.055,0.02920242,0.028932834,0.034031637,0.038395784,0.02966749,NA,NA,NA,0.057035356,0.033357148
1828,NA,NA,NA,NA,NA,NA,NA,NA,702.865761,9388.190012,157.8689369,155.8001808,217.0386631,173,0.050356716,0.053727108,0.049304624,0.052472211,113,0.041862395,0.063892058,0.054537057,49,0.099310561,0.055,0.02920242,0.02877821,0.030704345,0.034733878,0.026674812,NA,NA,NA,0.054537057,0.03116722
1829,NA,NA,NA,NA,NA,NA,NA,NA,721.505675,9768.590085,152.5785636,157.7516528,188.5480852,180,0.053948503,0.052771375,0.051015577,0.049569816,120,0.037468774,0.067993218,0.060882888,39,0.112366722,0.055,0.02920242,0.030126509,0.029469164,0.033427017,0.025511311,NA,NA,NA,0.060882888,0.033998883
1830,NA,NA,NA,NA,NA,NA,NA,NA,747.9453524,9651.6923,143.7618617,155.2415857,212.0533762,167,0.054428638,0.054324086,0.055375308,0.056192558,107,0.040665606,0.061730867,0.053448718,41,0.096390077,0.055,0.02920242,0.031264218,0.031204163,0.035278469,0.027129856,NA,NA,NA,0.053448718,0.030701345
1831,NA,NA,NA,NA,NA,NA,NA,NA,684.2859226,9606.415286,132.9356265,151.0932036,199.086122,143,0.05349485,0.059754097,0.051359809,0.056881093,99,0.049790388,0.051176559,0.047830898,44,0.103813887,0.055,0.02920242,0.030330708,0.033879599,0.038361156,0.029398041,NA,NA,NA,0.047830898,0.027119339
1832,NA,NA,NA,NA,NA,NA,NA,NA,749.9897894,9456.773383,118.268139,149.2849539,169.9552872,125,0.055026184,0.055749753,0.050878409,0.050223792,90,0.043897839,0.067843808,0.066943646,36,0.117459293,0.055,0.02920242,0.030448094,0.030848473,0.035029704,0.026667241,NA,NA,NA,0.066943646,0.037042482
1833,NA,NA,NA,NA,NA,NA,NA,NA,817.5262699,9397.074691,127.5093043,147.1708791,174.6427291,214,0.062612433,0.062979814,0.062507736,0.062460118,145,0.039286,0.066505699,0.062686133,63,0.112158452,0.055,0.02920242,0.034977755,0.035182988,0.039906474,0.030459502,NA,NA,NA,0.062686133,0.035018927
1834,NA,NA,NA,NA,NA,NA,NA,NA,878.4422024,8619.840653,130.3004652,147.2950228,161.1862498,199,0.06178052,0.062747646,0.061726088,0.060624394,141,0.038891209,0.072844487,0.067033653,62,0.111075741,0.055,0.02920242,0.034579906,0.035121228,0.039827301,0.030415154,NA,NA,NA,0.067033653,0.0375202
1835,NA,NA,NA,NA,NA,NA,NA,NA,1022.748358,8656.775087,144.9138591,151.7141068,177.1161571,187,0.064601789,0.066860647,0.063381368,0.067817339,119,0.037588317,0.072646058,0.064145236,42,0.105840834,0.055,0.02920242,0.036497217,0.037773374,0.042787922,0.032758825,NA,NA,NA,0.064145236,0.036239284
1836,NA,NA,NA,NA,NA,NA,NA,NA,1206.750331,8995.23152,150.9660996,159.8216397,181.3045539,240,0.062607367,0.069742573,0.063188433,0.067042394,155,0.037419256,0.073225629,0.07148163,60,0.104064864,0.055,0.02920242,0.035481643,0.039525398,0.044756091,0.034294705,NA,NA,NA,0.07148163,0.040510978
1837,NA,NA,NA,NA,NA,NA,NA,NA,1381.227186,9130.040139,157.6079755,166.6237469,188.5398931,213,0.064740902,0.064343552,0.061252871,0.059939846,134,0.037752949,0.068810795,0.067016623,66,0.123128798,0.055,0.02920242,0.035456571,0.035238955,0.040064721,0.030413188,NA,NA,NA,0.067016623,0.036702912
1838,NA,NA,NA,NA,NA,NA,NA,NA,1529.640909,9040.989192,165.5693403,169.0033916,200.5229378,223,0.064529888,0.06423208,0.063264829,0.0636516,151,0.037293055,0.071129046,0.062052526,60,0.088101596,0.055,0.02920242,0.037601307,0.037427775,0.042245181,0.032610369,NA,NA,NA,0.062052526,0.036157758
1839,NA,NA,NA,NA,NA,NA,NA,NA,1630.444457,9583.455897,152.8322406,170.4158202,203.2663611,229,0.059398455,0.060117356,0.058693222,0.058228011,142,0.037333958,0.067116522,0.057926074,59,0.094740792,0.055,0.02920242,0.034216883,0.034631011,0.039139813,0.030122209,NA,NA,NA,0.057926074,0.033368708
1840,32.52720677,NA,NA,NA,NA,NA,NA,NA,1944.604861,9717.110661,156.6352636,172.912425,207.8087574,254,0.061437569,0.063574046,0.061089592,0.063379141,174,0.037263558,0.067028219,0.063328492,58,0.089094867,0.055,0.02920242,0.035738401,0.036981195,0.041749249,0.032213142,NA,NA,NA,0.063328492,0.036838356
1841,33.13180169,NA,NA,NA,NA,NA,NA,NA,2060.543306,9896.110068,165.259334,175.2084489,219.8093568,234,0.056901443,0.059271569,0.0575,0.056311074,146,0.038410138,0.065237785,0.055192854,62,0.082842702,0.055,0.02920242,0.033455481,0.034849008,0.039294376,0.03040364,NA,NA,NA,0.055192854,0.032450908
1842,33.73639661,NA,NA,NA,NA,NA,NA,NA,2199.059291,10177.39485,166.8665448,181.0852579,223.8547951,273,0.061461389,0.060210112,0.060769036,0.062658786,188,0.037564565,0.06643651,0.061484399,65,0.069438574,0.055,0.02920242,0.03696036,0.036207893,0.040723652,0.031692135,NA,NA,NA,0.061484399,0.036974197
1843,33.13180169,NA,NA,NA,NA,NA,NA,NA,2315.506089,10023.96679,157.7169343,187.1670051,230.0938409,265,0.057299159,0.056144092,0.05574085,0.055175091,173,0.036942198,0.060440035,0.055897751,88,0.086255344,0.055,0.02920242,0.033493779,0.032818593,0.0370294,0.028607786,NA,NA,NA,0.055897751,0.032674596
1844,35.42926239,NA,NA,NA,NA,NA,NA,NA,2457.914358,9947.252756,166.7039926,190.6225635,237.9158557,251,0.06054798,0.063630335,0.059289454,0.059683227,167,0.035679705,0.055974487,0.054874168,60,0.068563267,0.055,0.02920242,0.036464071,0.038320371,0.043092646,0.033548096,NA,NA,NA,0.054874168,0.033047107
1845,38.33131802,NA,NA,NA,NA,NA,NA,NA,2686.229938,10023.96679,161.4869975,193.9287804,244.9121528,239,0.057106318,0.057973962,0.059711585,0.062305346,145,0.035424222,0.059642089,0.062607392,61,0.09206767,0.055,0.02920242,0.033049134,0.033551266,0.037899313,0.029203219,NA,NA,NA,0.062607392,0.03623277
1846,37.84764208,NA,NA,NA,NA,NA,NA,NA,2782.945728,10509.82232,168.7736848,195.5478271,240.0094311,279,0.060960849,0.064752862,0.059959099,0.06824094,192,0.036000818,0.061764706,0.058248868,75,0.063695237,0.055,0.02920242,0.037009474,0.039311614,0.044168079,0.03445515,NA,NA,NA,0.058248868,0.035363024
1847,38.33131802,NA,NA,NA,NA,NA,NA,NA,2658.700912,10739.96442,165.4973706,194.0337384,238.7608515,213,0.059257368,0.064600492,0.058696021,0.061915348,146,0.038322085,0.06746988,0.061828818,45,0.061679586,0.055,0.02920242,0.036094729,0.039349322,0.044194359,0.034504285,NA,NA,NA,0.061828818,0.037661046
1848,39.54050786,NA,NA,NA,NA,NA,NA,NA,1570.409306,10049.53813,145.6330361,187.7317125,234.9197122,66,0.064858107,0.065752096,0.06907206,0.065409176,41,0.062658559,0.067742622,0.069967995,18,0.083681068,0.055,0.02920242,0.038079266,0.038604141,0.043535548,0.033672734,NA,NA,NA,0.069967995,0.041079365
1849,34.34099154,NA,NA,NA,NA,NA,NA,NA,2109.96169,9768.253349,158.7709415,180.3999641,222.0300205,171,0.065870147,0.06211903,0.066349958,0.063162536,118,0.056481666,0.065660713,0.059398085,54,0.115794627,0.055,0.02920242,0.036558126,0.034476245,0.039135172,0.029817318,NA,NA,NA,0.059398085,0.032966113
1850,34.94558646,NA,NA,NA,NA,NA,NA,NA,2228.24542,9282.397816,171.2569847,182.631376,201.6193426,226,0.074571987,0.076004732,0.075084278,0.075410578,167,0.052574886,0.066902864,0.064921132,47,0.115850129,0.055,0.02920242,0.041383534,0.042178632,0.047878987,0.036478277,NA,NA,NA,0.064921132,0.036027817
1851,36.63845224,NA,NA,NA,NA,NA,NA,NA,2328.838532,9256.826472,162.7130448,188.6463889,207.6567238,169,0.075025196,0.07493565,0.07676571,0.078733893,122,0.052382636,0.09302548,0.084088997,44,0.141344461,0.055,0.02920242,0.039722324,0.039674914,0.045295087,0.03405474,NA,NA,NA,0.084088997,0.044521182
1852,36.63845224,NA,NA,NA,NA,NA,NA,NA,3242.283446,9282.397816,164.003976,200.7968182,249.3949913,290,0.064214426,0.06278698,0.063919385,0.065167977,208,0.040623807,0.064091649,0.064116623,58,0.123790466,0.055,0.02920242,0.035125748,0.034344925,0.039053948,0.029635901,NA,NA,NA,0.064116623,0.035072249
1853,37.24304716,NA,NA,NA,NA,NA,NA,NA,3536.748837,9998.395444,174.6360319,211.9640499,259.0178981,278,0.063963255,0.064287805,0.064699947,0.065425388,189,0.038696589,0.062419359,0.055889648,48,0.082516832,0.055,0.02920242,0.037628351,0.037819278,0.042640863,0.032997693,NA,NA,NA,0.055889648,0.032878804
1854,43.0471584,NA,NA,NA,NA,NA,NA,NA,3884.966577,10816.67845,182.3725462,221.5385507,262.8032551,169,0.065035846,0.064027061,0.065035846,0.063926137,118,0.042838001,0.066128241,0.058647493,34,0.081610471,0.055,0.02920242,0.038318282,0.037723919,0.042525949,0.032921889,NA,NA,NA,0.058647493,0.034554347
1855,44.13542926,NA,NA,NA,NA,NA,NA,NA,4504.092521,11276.96264,190.8620676,235.1700402,265.048223,218,0.072041422,0.076155591,0.070482866,0.073426736,163,0.044941893,0.086563216,0.085820314,34,0.066690719,0.055,0.02920242,0.043520717,0.046006115,0.051717784,0.040294446,NA,NA,NA,0.085820314,0.05184464
1856,48.24667473,NA,NA,NA,NA,NA,NA,NA,5149.529694,11481.53339,214.2358228,249.7502225,279.813196,258,0.066591664,0.069493253,0.065556808,0.064207655,197,0.042646971,0.065321754,0.065356072,54,0.066398713,0.055,0.02920242,0.040247926,0.042001643,0.047213637,0.036789649,NA,NA,NA,NA,NA
1857,54.65538089,NA,NA,NA,NA,NA,NA,NA,5217.74399,11251.39129,232.3453054,264.6243703,323.9883516,225,0.071781127,0.073810687,0.071639731,0.068416931,177,0.044103407,0.071663314,0.062049419,39,0.066106706,0.055,0.02920242,0.043405392,0.044632649,0.05016845,0.039096847,NA,NA,NA,NA,NA
1858,56.9528416,NA,NA,NA,NA,NA,NA,NA,5158.949763,10509.82232,227.343234,273.2458982,331.7641404,215,0.068371193,0.069694139,0.064554946,0.06733548,146,0.042507057,0.070749443,0.072186879,39,0.065814699,0.055,0.02920242,0.041363401,0.042163761,0.047390821,0.036936701,NA,NA,NA,NA,NA
1859,62.15235792,NA,NA,NA,NA,NA,NA,NA,5315.842644,10151.82351,244.3701517,283.0857702,316.7391103,169,0.067766381,0.069024272,0.067294429,0.066648257,111,0.044599385,0.079358078,0.066174733,27,0.062922337,0.055,0.02920242,0.041193505,0.041958146,0.047134967,0.036781326,NA,NA,NA,NA,NA
1860,61.66868198,NA,NA,NA,NA,NA,NA,NA,5644.895415,10867.82113,258.7670858,289.7856972,374.8322554,191,0.066641171,0.071948318,0.06603439,0.074107693,125,0.043659086,0.05842222,0.054900022,33,0.060029975,0.055,0.02920242,0.040702268,0.043943702,0.049339826,0.038547578,NA,NA,NA,NA,NA
1861,60.45949214,NA,NA,NA,NA,NA,NA,NA,6167.222025,11200.2486,242.7883233,297.409299,366.8962683,218,0.064849828,0.068749868,0.066119542,0.0679845,148,0.043998495,0.065914249,0.060013571,28,0.057695508,0.055,0.02920242,0.039759564,0.042150687,0.047306927,0.036994446,NA,NA,NA,NA,NA
1862,61.06408706,NA,NA,NA,NA,NA,NA,NA,7268.720492,11046.82054,230.3230813,301.9903104,365.6790575,183,0.069787833,0.071975422,0.068068891,0.068328127,119,0.043001951,0.062734463,0.060478087,32,0.05536104,0.055,0.02920242,0.042949982,0.044296305,0.049694461,0.038898148,NA,NA,NA,NA,NA
1863,64.57073761,NA,NA,NA,NA,NA,NA,NA,7106.630331,10944.53517,274.3875223,313.3636876,366.7771162,181,0.072703863,0.068492855,0.070092689,0.067097227,110,0.043808566,0.063152834,0.048406189,20,0.053026573,0.055,0.02920242,0.044914339,0.0423129,0.047449864,0.037175936,NA,NA,NA,NA,NA
1864,62.15235792,NA,NA,NA,NA,NA,NA,NA,7598.747753,10944.53517,244.6294041,317.7140065,392.930078,135,0.073594338,0.080218084,0.077341598,0.084975127,82,0.045353848,0.055925926,0.050992435,14,0.05461737,0.055,0.02920242,0.045347375,0.049428796,0.055445152,0.04341244,NA,NA,NA,NA,NA
1865,66.26360339,NA,NA,NA,NA,NA,NA,NA,8176.62029,11174.67726,252.597761,330.6390321,384.7926144,146,0.069320251,0.072461796,0.068379553,0.066103376,83,0.044282025,0.071296897,0.071896128,24,0.056255891,0.055,0.02920242,0.042600184,0.044530794,0.049965429,0.03909616,NA,NA,NA,NA,NA
1866,71.46311971,NA,NA,NA,NA,NA,NA,NA,8635.929883,11660.53279,257.8740448,348.9851586,349.6298807,186,0.074464244,0.082508681,0.069430798,0.076812977,97,0.044097771,0.073019737,0.067371026,22,0.057943568,0.055,0.02920242,0.045635711,0.050565776,0.056753927,0.044377625,NA,NA,NA,NA,NA
1867,70.97944377,NA,NA,NA,NA,NA,NA,NA,8601.822735,11813.96086,290.5297491,366.247999,383.9739859,182,0.070860602,0.077952058,0.070640479,0.077157177,94,0.043422965,0.070422535,0.05870447,23,0.059681875,0.055,0.02920242,0.043304027,0.047637727,0.053484131,0.041791323,NA,NA,NA,NA,NA
1868,79.08101572,NA,NA,NA,NA,NA,NA,NA,9734.50488,11992.96026,312.8081242,368.0628811,393.4966552,224,0.07081319,0.076895711,0.067176471,0.068305035,92,0.042884206,0.070651907,0.063397795,14,0.061472331,0.055,0.02920242,0.043148265,0.046854498,0.052621677,0.04108732,NA,NA,NA,NA,NA
1869,82.58766626,NA,NA,NA,NA,NA,NA,NA,10313.35191,11532.67607,286.5456209,362.8450503,407.7389827,196,0.06906559,0.07171731,0.066554511,0.067374291,83,0.041969534,0.06654372,0.069887607,14,0.063339938,0.055,0.02920242,0.04195442,0.043565228,0.048944026,0.03818643,NA,NA,NA,NA,NA
1870,77.38814994,77.38814994,NA,NA,0.052952457,0.059999999,0.047600001,-0.210456699,8142.837972,11839.5322,274.791018,363.9349051,428.2243194,137,0.066489104,0.068547284,0.066941633,0.072816644,81,0.046830871,0.072854562,0.057841396,17,0.063466618,0.055,0.056483629,0.038566988,0.039760835,0.044901881,0.034619789,NA,NA,NA,NA,NA
1871,70.97944377,70.97944377,-0.028789442,0.054059181,0.058942486,0.055,0.055100001,0.221278116,9944.669817,12811.24327,280.3259082,376.9521,394.1827278,54,0.084763616,0.084142213,0.084840893,0.090348109,24,0.05532184,0.108624154,0.103740271,5,0.063593551,0.055,0.083764838,0.046843901,0.046500488,0.052811154,0.040189822,NA,NA,NA,NA,NA
1872,69.16565901,69.16565901,0.033229232,0.058756836,0.060296051,0.050000001,0.054699998,0.117524087,11113.40806,12453.24445,279.3491629,384.8799262,405.0168601,148,0.083973444,0.084144195,0.084028492,0.077502469,67,0.054688781,0.056493418,0.039960104,6,0.063720738,0.055,0.080581774,0.046663832,0.046758718,0.053069532,0.040447903,0.075515233,NA,NA,0.075515233,0.041963625
1873,66.86819831,66.86819831,0.027051818,0.060248427,0.062317144,0.047499999,0.053399999,0.077718996,11977.13097,12402.10177,279.0235811,385.3044448,373.0166447,149,0.090321441,0.086910802,0.094807192,0.107311595,67,0.05304859,0.100198129,0.08703022,8,0.063806629,0.055,0.077519666,0.050460214,0.04855478,0.05507309,0.04203647,0.082162853,NA,NA,0.082162853,0.045902226
1874,59.2503023,59.2503023,-0.051264934,0.062661983,0.07071875,0.035,0.048999999,0.095817968,13124.75533,12325.38773,284.884053,384.5868049,356.9016517,177,0.085174619,0.085571435,0.082812263,0.077550567,77,0.049340767,0.087224285,0.085637656,12,0.064061855,0.055,0.074573919,0.047813984,0.048036742,0.0544546,0.041618885,0.084317505,NA,NA,0.084317505,0.047332831
1875,61.06408706,61.06408706,0.101131633,0.070551962,0.06845852,0.032499999,0.046599999,0.158124,15200.09414,11941.81758,280.9770718,386.5860452,365.1809657,162,0.086391489,0.083010246,0.082295598,0.084556059,67,0.046192447,0.06274355,0.042597977,9,0.064318103,0.055,0.07174011,0.048719771,0.046812946,0.053038715,0.040587178,0.078475837,NA,NA,0.078475837,0.044255804
1876,64.57073761,64.57073761,0.128580123,0.071155861,0.067291684,0.025,0.043499999,0.068320721,16238.57553,12350.95908,280.0003264,396.2374417,398.0794016,181,0.081021525,0.080126881,0.080695174,0.080219064,85,0.043770579,0.08481957,0.097096473,18,0.064575375,0.055,0.069013986,0.045891454,0.045384718,0.051394234,0.039375202,0.078432446,NA,NA,0.078432446,0.044424972
1877,68.56106409,68.56106409,0.130830616,0.069026276,0.065008469,0.02,0.0427,0.052489448,17090.92939,12504.38714,291.3956886,396.7094053,374.2183766,207,0.081275262,0.084922096,0.082551297,0.08272731,95,0.042370232,0.09882535,0.101850623,11,0.064833677,0.055,0.066391454,0.046227327,0.048301554,0.054670711,0.041932397,0.074008951,NA,NA,0.074008951,0.042094431
1878,71.46311971,71.46311971,0.108478852,0.06616161,0.063475505,0.029999999,0.040600002,0.091323763,18651.73738,12120.81698,298.8840694,396.9784937,408.0026217,236,0.077804058,0.083153195,0.077537362,0.079879682,100,0.039980394,0.06273148,0.065850174,10,0.065093012,0.055,0.063868579,0.044429106,0.047483668,0.053720158,0.041247179,0.070530647,NA,NA,0.070530647,0.040275708
1879,81.37847642,81.37847642,0.203271717,0.064535737,0.056673132,0.028750001,0.037300002,0.117694184,20846.93839,11967.38892,304.0933778,402.9092276,443.5524478,250,0.07171723,0.072949161,0.071362236,0.07321724,97,0.037191141,0.074631341,0.063665422,19,0.065353384,0.055,0.061441573,0.041108678,0.041814827,0.047286014,0.03634364,0.069609768,NA,NA,0.069609768,0.03990067
1880,88.39177751,88.39177751,0.143750161,0.057523228,0.052956916,0.0252,0.035599999,0.226417154,25567.04285,12376.53042,308.9771044,411.8862954,489.2332658,281,0.069228609,0.068497927,0.069188416,0.067751254,128,0.035497629,0.057860108,0.049954906,8,0.065614797,0.055,0.059106793,0.039825724,0.039405379,0.044542723,0.034268034,0.066958026,NA,NA,0.066958026,0.038519507
1881,93.59129383,93.59129383,0.112314284,0.053515926,0.05054402,0.036800001,0.035399999,0.265967041,32367.03359,12044.10295,313.5352493,421.7317084,519.0612239,256,0.066646956,0.065859009,0.064778259,0.059869105,126,0.03529135,0.056979477,0.047856662,10,0.065877256,0.055,0.056860735,0.038472756,0.038017904,0.04295733,0.033078478,0.066544208,NA,NA,0.066544208,0.038413443
1882,90.68923821,90.68923821,0.021303991,0.05230391,0.053977199,0.0341,0.036699999,-0.169966772,26865.71337,12120.81698,316.791067,425.409291,523.1734419,218,0.068484356,0.068646697,0.069114906,0.066637532,117,0.036471659,0.071343851,0.063248674,13,0.066140765,0.055,0.054700027,0.039663345,0.039757367,0.044905869,0.034608864,0.06746325,NA,NA,0.06746325,0.039071962
1883,92.50302297,92.50302297,0.074101634,0.054122489,0.05306235,0.026699999,0.0383,-0.036526535,25884.40195,12453.24445,327.8608473,429.4245787,502.0233543,184,0.065432928,0.063426771,0.065862799,0.064654507,106,0.037976619,0.065861197,0.066946797,8,0.067158229,0.055,0.052621426,0.037965516,0.036801503,0.041558511,0.032044495,0.065161973,NA,0.069,0.065161973,0.037808302
1884,87.18258767,87.18258767,-0.004647028,0.052848678,0.056072611,0.024800001,0.038800001,0.051439401,27215.88008,12223.10236,328.8375927,440.7793703,560.8734534,225,0.074865358,0.075886978,0.075858696,0.076586554,155,0.03857696,0.078380016,0.074505231,7,0.067628337,0.055,0.051855722,0.043460534,0.0440536,0.049745124,0.038362077,0.068256598,NA,0.074,0.068256598,0.039624043
1885,87.18258767,87.18258767,0.055694766,0.055694766,0.055694766,0.024499999,0.037900001,0.02231903,27823.31212,11916.24623,327.5352656,441.7638711,512.177258,228,0.070791052,0.066642296,0.069492952,0.066624521,166,0.037372488,0.09180743,0.086532388,12,0.068101735,0.055,0.041055524,0.041826379,0.039375117,0.044373289,0.034376945,0.0690327,NA,NA,0.0690327,0.04078747
1886,86.09431681,86.09431681,0.042405628,0.054901287,0.055595994,0.022,0.036600001,0.041223511,28970.28674,11737.24683,325.5817749,444.8561197,504.0526009,217,0.075075056,0.070865393,0.074719084,0.071147377,168,0.036412394,0.056232394,0.053721912,6,0.068578447,0.055,0.051995918,0.043500412,0.041061225,0.04637613,0.035746321,0.0669817,NA,NA,0.0669817,0.038810914
1887,86.57799274,86.57799274,0.060837265,0.055213362,0.054904584,0.0242,0.037799999,0.02294082,29634.88887,11404.81936,321.0236301,443.2637668,506.2562128,215,0.074633197,0.073491029,0.074913828,0.075450578,171,0.037010258,0.096401163,0.070043895,6,0.069058496,0.055,0.053721059,0.043079807,0.042420524,0.047932352,0.036908697,0.071325945,NA,NA,0.071325945,0.041170794
1888,86.09431681,86.09431681,0.04839896,0.053991411,0.054295052,0.0273,0.0363,0.037947211,30759.45025,11532.67607,318.7445577,446.4655365,513.7664685,215,0.074730773,0.073365311,0.075140843,0.069953777,147,0.036298601,0.05800749,0.054968225,8,0.069541906,0.055,0.055446199,0.042971083,0.042185927,0.047688325,0.036683528,0.071097822,NA,NA,0.071097822,0.040882093
1889,90.08464329,90.08464329,0.100495249,0.054142002,0.051743522,0.0254,0.035100002,0.056867383,32508.65969,11558.24742,313.5352493,445.3950188,504.4226711,270,0.075816385,0.074536133,0.073941935,0.072360535,201,0.034991458,0.069495509,0.053721917,8,0.070028699,0.055,0.04953991,0.04400621,0.043263111,0.048853321,0.037672901,0.069190345,NA,NA,0.069190345,0.040160248
1890,91.29383313,91.29383313,0.065180436,0.051743522,0.051057469,0.0262,0.032600001,0.099711224,35750.13794,11455.96204,312.2329222,443.8421096,523.3799405,273,0.070776599,0.069316255,0.069695945,0.067884212,211,0.032694445,0.064548114,0.067725986,7,0.0705189,0.055,0.043633621,0.041464292,0.040608753,0.045807472,0.035410034,0.067865873,NA,NA,0.067865873,0.039759051
1891,91.29383313,91.29383313,0.047304835,0.047304835,0.047304835,0.0251,0.031800002,0.022633521,36559.28944,11660.53279,311.5817586,441.1787934,581.2147398,300,0.069889301,0.066602167,0.06893879,0.063017135,213,0.03150662,NA,NA,NA,0.071012532,0.055,0.045612195,0.04077169,0.038854057,0.04384922,0.033858895,0.067867598,NA,NA,0.067867598,0.039592278
1892,91.29383313,91.29383313,0.05094922,0.05094922,0.05094922,0.018100001,0.0307,0.000781882,36587.87449,11558.24742,311.5817586,442.4945783,529.7285947,272,0.069955219,0.067673512,0.069168651,0.065131302,214,0.030601976,NA,NA,NA,0.071659537,0.055,0.047590769,0.040626472,0.039301371,0.044376885,0.034225858,0.067263344,NA,NA,0.067263344,0.039063166
1893,94.19588875,94.19588875,0.082692705,0.050913133,0.049344972,0.0222,0.030999999,0.084155291,39666.93771,11379.24801,311.5817586,439.3631548,569.9242859,248,0.070083185,0.066252095,0.068964615,0.064295904,195,0.030638268,NA,NA,NA,0.071731196,0.055,0.049569342,0.040557101,0.038340052,0.043308959,0.033371145,0.063021195,NA,NA,0.063021195,0.036470332
1894,91.89842805,91.89842805,0.024969419,0.049344972,0.050577834,0.017899999,0.0298,-0.009490976,39290.45976,11737.24683,311.2561768,442.8123096,559.4420685,271,0.071237239,0.070426206,0.070220163,0.065137977,202,0.029789643,NA,NA,NA,0.071802927,0.055,0.051547916,0.041078894,0.040611212,0.045893178,0.035329247,0.066706573,NA,NA,0.066706573,0.038466289
1895,88.39177751,88.39177751,0.012350146,0.050506145,0.052509706,0.0163,0.0296,0.029274866,40440.6827,11430.3907,311.2561768,444.2933828,505.1746243,221,0.071176927,0.068120273,0.069749617,0.065701206,164,0.029446138,NA,NA,NA,0.07187473,0.055,0.053526489,0.040898175,0.039141826,0.044250846,0.034032805,0.067252868,NA,NA,0.067252868,0.038643416
1896,88.99637243,88.99637243,0.059202079,0.052397903,0.052043788,0.017100001,0.0294,0.085238315,43887.77835,11251.39129,310.6050133,443.3296113,509.0869175,222,0.072613296,0.072714232,0.072425734,0.071258653,170,0.029412209,NA,NA,NA,0.071946605,0.055,0.053133474,0.04174683,0.041804861,0.047258428,0.036351293,0.069857625,NA,NA,0.069857625,0.04016254
1897,91.29383313,91.29383313,0.077664346,0.051821694,0.050516222,0.018200001,0.028999999,0.102923542,48404.86395,10944.53517,309.3026862,441.7086602,534.9997169,254,0.072434755,0.07101754,0.071727267,0.064153503,177,0.029025168,NA,NA,NA,0.072018552,0.055,0.051374834,0.041766359,0.040949183,0.046275499,0.035622868,0.068204287,NA,NA,0.068204287,0.039327043
1898,91.29383313,91.29383313,0.050588388,0.050588388,0.050588388,0.0199,0.029200001,0.042981964,50485.40007,11097.96323,309.628268,442.7145269,549.8705497,218,0.069904826,0.069586354,0.070730617,0.066270135,183,0.029174961,NA,NA,NA,0.07209057,0.055,0.050380393,0.040372067,0.04018814,0.045407117,0.034969163,0.068935232,NA,NA,0.068935232,0.039812098
1899,94.80048368,94.80048368,0.088925175,0.050516225,0.048647717,0.0284,0.0298,0.035471395,52276.18764,11251.39129,308.9771044,444.9552014,522.0013701,214,0.074881769,0.076725499,0.07429249,0.07681253,162,0.02959574,NA,NA,NA,0.072162661,0.055,0.048013736,0.043418217,0.044487255,0.050241668,0.038732843,0.072892243,NA,NA,0.072892243,0.042264643
1900,100,100,0.103541248,0.048717212,0.046185154,0.030400001,0.0298,0.039699506,54351.52646,11251.39129,309.628268,446.4674205,564.5490169,250,0.075,0.069021579,0.076529474,0.070970199,204,0.029806387,NA,NA,NA,0.072234824,0.055,0.037438221,0.044274522,0.040745299,0.045921917,0.03556868,0.068409833,NA,NA,0.068409833,0.040384168
1901,100,100,0.046185154,0.046185154,0.046185154,0.0241,0.0296,-0.054379854,51395.89839,11302.53398,309.628268,444.9162971,527.3902768,186,0.074476991,0.071387557,0.073076452,0.067777527,137,0.0296442,NA,NA,NA,0.072307058,0.055,0.029250833,0.044570168,0.04272132,0.048075387,0.037367253,0.070044062,NA,NA,0.070044062,0.041917316
1902,100.6045949,100.6045949,0.052237507,0.046185154,0.045907307,0.0239,0.029899999,0.00740722,51776.59912,11174.67726,309.3026862,443.3909722,511.6186292,174,0.079463025,0.074444901,0.078832064,0.075100463,128,0.02981815,NA,NA,NA,0.072379365,0.055,0.030906932,0.047416676,0.044422293,0.05000566,0.038838925,0.072988522,NA,NA,0.072988522,0.043553251
1903,102.2974607,102.2974607,0.06258823,0.045743588,0.04498582,0.027000001,0.0306,0.028068459,53229.88846,11123.53457,308.6515226,443.8571896,524.9545491,193,0.081058719,0.083732983,0.081277336,0.083091632,137,0.030580007,NA,NA,NA,0.072451745,0.055,0.032102038,0.048266108,0.049858488,0.056138462,0.043578514,0.077946931,NA,NA,0.077946931,0.046413205
1904,101.8137848,101.8137848,0.039866365,0.044599395,0.044811491,0.021400001,0.031099999,0.062934034,56579.86008,10970.10651,306.0468684,444.4815338,515.8142512,194,0.077627051,0.074263616,0.079420166,0.074104576,161,0.030738083,NA,NA,NA,0.072524197,0.055,0.032745377,0.046167169,0.044166832,0.049736603,0.038597061,0.072217587,NA,NA,0.072217587,0.042949996
1905,100.6045949,100.6045949,0.03298736,0.044876199,0.045416143,0.0211,0.030300001,0.054040864,59637.4846,10918.96382,306.0468684,445.936272,478.9939228,214,0.085553354,0.083507143,0.08663713,0.078758005,163,0.030132071,NA,NA,NA,0.072666496,0.07,0.033488429,0.050805438,0.049590306,0.055853341,0.04332727,0.07073632,NA,NA,0.07073632,0.042006415
1906,101.8137848,101.8137848,0.057382539,0.045350656,0.044811491,0.026799999,0.0308,0.028873179,61359.40837,11097.96323,306.0468684,445.0455812,466.9110778,159,0.080854451,0.074367773,0.079433607,0.072271548,117,0.030688734,NA,NA,NA,0.072651963,0.07,0.032581878,0.048089491,0.044231435,0.049809018,0.038653852,0.073931805,NA,NA,0.073931805,0.043972136
1907,102.9020556,102.9020556,0.055576153,0.044876199,0.044401109,0.033500001,0.031599998,0.017496308,62432.97147,11251.39129,306.3724502,448.3329124,466.7763705,198,0.079735728,0.079045531,0.082650651,0.079176234,145,0.031619391,NA,NA,NA,0.072637432,0.07,0.027593756,0.047823003,0.047409044,0.053337459,0.041480629,0.073639407,NA,NA,0.073639407,0.04416662
1908,104.1112455,104.1112455,0.056223363,0.044497147,0.043981411,0.021400001,0.031300001,0.063053459,66369.58628,11507.10473,307.0236137,454.5519417,484.0227097,195,0.080776928,0.077117087,0.080750988,0.075828229,132,0.031177851,NA,NA,NA,0.072622905,0.07,0.021475267,0.048942888,0.046725384,0.052509166,0.040941602,0.074009103,NA,NA,0.074009103,0.044842251
1909,106.4087062,106.4087062,0.066261873,0.044171259,0.043216579,0.0175,0.0307,0.094914377,72669.01421,11481.53339,308.0003591,459.2543992,510.7447774,214,0.075902088,0.07659945,0.076369379,0.074215172,153,0.030652869,NA,NA,NA,0.07260838,0.07,0.017621796,0.046282803,0.046708033,0.052452992,0.040963074,0.071404162,NA,NA,0.071404162,0.043540103
1910,111.6082225,111.6082225,0.092245236,0.043402322,0.041381147,0.0239,0.0306,0.033484716,75102.31552,11634.96145,309.628268,461.7354599,546.063301,212,0.071764663,0.074574645,0.072338115,0.078275228,140,0.030612646,NA,NA,NA,0.072593859,0.07,0.014341389,0.043996385,0.045719086,0.051312185,0.040125988,0.071381986,NA,NA,0.071381986,0.04376178
1911,115.114873,115.114873,0.073301323,0.041882917,0.040607106,0.0261,0.031399999,0.076987952,80884.28898,12734.52924,313.2096675,467.0424148,559.8419033,254,0.071914032,0.065344436,0.073091254,0.072331566,157,0.031356287,NA,NA,NA,0.07257934,0.07,0.010867771,0.044338804,0.040288301,0.045189133,0.035387468,0.068135727,NA,NA,0.068135727,0.042009279
1912,116.3240629,116.3240629,0.051837772,0.041322526,0.04089253,0.031199999,0.032699998,0.063030861,85982.49536,12581.10117,319.0701394,472.9400089,585.8627869,232,0.069646839,0.065465684,0.07232034,0.065276737,167,0.032466985,NA,NA,NA,0.072564824,0.07,0.008317277,0.043119605,0.040530977,0.045440903,0.03562105,0.072617144,NA,NA,0.072617144,0.044958574
1913,117.4123337,117.4123337,0.05110734,0.041742094,0.041354798,0.038199998,0.034400001,0.002376275,86186.81341,12734.52924,325.5817749,487.174312,570.6286707,213,0.074508711,0.067092561,0.074741522,0.068827883,146,0.034517498,NA,NA,NA,0.072557719,0.07,0.007469876,0.046193345,0.041595536,0.046627478,0.036563594,0.069972993,NA,NA,0.069972993,0.043381325
1914,120.9189843,120.9189843,0.071948946,0.042084258,0.040863872,0.0287,0.037799999,-0.110477932,76665.0725,13066.95671,331.4422469,493.6370155,604.9265227,146,0.071596996,0.067894075,0.073833364,0.067770634,96,0.036431335,NA,NA,NA,0.077138195,0.07,0.009165511,0.043938811,0.041666342,0.046758398,0.036574287,0.069742708,NA,NA,0.069742708,0.042800841
1915,127.6057484,127.6057484,0.096439287,0.041163538,0.039007377,NA,0.0436,-0.095446922,69347.6273,15035.95018,333.7213193,504.3810308,638.0989868,16,0.059332144,0.070193936,0.059037468,0.065620163,13,0.043379571,NA,NA,NA,0.081718671,0.07,0.013219014,0.035899644,0.042471705,0.047736251,0.03720716,0.070581848,NA,NA,0.070581848,0.042706416
1916,142.0937373,142.0937373,0.152542681,0.039007377,0.035030212,NA,0.048,0.156251609,80183.30565,18309.08219,333.3957375,503.8889517,599.7563241,33,0.06394454,0.060129533,0.074427317,0.066093498,21,0.048039989,NA,NA,NA,0.086299146,0.07,0.012780332,0.038425586,0.03613307,0.040642785,0.031623355,0.070816225,NA,NA,0.070816225,0.042554923
1917,134.8497428,134.8497428,-0.015879899,0.035099763,0.03698526,NA,0.0495,0.049520556,84154.02753,23730.20709,334.3724828,505.3651889,481.7239965,48,0.077822591,0.075320927,0.061681531,0.069606116,34,0.049030645,NA,NA,NA,0.090879622,0.07,0.017081397,0.046074007,0.044592925,0.050241994,0.038943855,0.0713537,NA,NA,0.0713537,0.042244172
1918,131.5063608,131.5063608,0.012554361,0.03735169,0.038301464,NA,0.049400002,0.10341952,92857.19666,30506.61321,337.3027188,509.7939004,619.2359334,55,0.055383108,0.053898195,0.053491478,0.051756523,34,0.049721678,NA,NA,NA,0.093058824,0.07,0.014340213,0.032820083,0.031940122,0.035982487,0.027897758,0.074706259,NA,NA,0.074706259,0.044271001
1919,132.6208215,132.6208215,0.047889207,0.039403662,0.039072115,NA,0.0482,0.08083564,100363.3676,37129.59126,347.0701721,524.5562721,726.5707322,219,0.062872407,0.052393903,0.068743305,0.056672327,139,0.048508595,NA,NA,NA,0.097671711,0.07,0.007180155,0.037418396,0.031182134,0.035111676,0.027252591,0.06787774,NA,NA,0.06787774,0.04039731
1920,131.5063608,131.5063608,0.032073811,0.040487956,0.040831517,NA,0.052999999,-0.066669472,93672.19486,47153.55805,359.7678613,543.7473552,720.1465211,409,0.066084958,0.059541187,0.071822901,0.061949595,272,0.052519123,NA,NA,NA,0.120046083,0.1,0.000788826,0.038274101,0.034484177,0.038949766,0.030018588,0.070337608,NA,NA,0.070337608,0.040737087
1921,139.8648159,139.8648159,0.106330052,0.042760368,0.040204577,NA,0.052999999,-0.045455016,89414.32374,45107.85054,377.0236954,569.8275451,739.4191048,298,0.077107427,0.078842383,0.083223838,0.086670431,201,0.053026283,NA,NA,NA,0.144044944,0.1,0.000331254,0.042842722,0.043806705,0.049719883,0.037893526,0.070240488,NA,NA,0.070240488,0.039027287
1922,154.3528048,154.3528048,0.150005996,0.046422504,0.04206524,0.0429,0.050500002,0.23332426,110276.8547,42883.14363,370.1864781,559.4938849,752.1484783,361,0.068783775,0.060941759,0.075077319,0.070922905,235,0.051349833,NA,NA,NA,0.15027933,0.1,0.000525307,0.03777573,0.033468931,0.038039563,0.0288983,0.076760847,NA,NA,0.076760847,0.042156701
1923,178.8709399,178.8709399,0.208174631,0.049321547,0.042560656,0.043900002,0.054200001,0.263185173,139300.0877,46821.13058,510.5122231,771.5799574,888.7824488,417,0.081146049,0.080095312,0.081755,0.082910702,251,0.052636609,NA,NA,NA,0.167056323,0.1,0.000573846,0.043199708,0.042640328,0.048647476,0.036633179,0.080593244,NA,NA,0.080593244,0.042905412
1924,196.7023108,196.7023108,0.147038102,0.047348961,0.043056678,0.052099999,0.055799998,0.034147933,144056.8978,51372.82979,567.4890338,857.6937921,1031.376089,448,0.07804493,0.074217439,0.074556866,0.07331869,278,0.056787639,NA,NA,NA,0.16013579,0.1,0.000594435,0.042087272,0.040023222,0.04558953,0.034456914,0.075848932,NA,NA,0.075848932,0.040903036
1925,221.7776762,221.7776762,0.175173938,0.047695614,0.04230291,0.056899998,0.063699998,0.151279405,165849.7396,55438.67346,628.6984073,950.2046541,1070.16822,384,0.084916447,0.078850614,0.083333333,0.07818192,255,0.064892991,NA,NA,NA,0.146403509,0.1,0.000440904,0.046972007,0.043616658,0.049530454,0.037702862,0.077027848,NA,NA,0.077027848,0.042608384
1926,246.2958113,246.2958113,0.159084275,0.048526544,0.043695651,0.056600001,0.061500002,0.245032057,206488.2424,68556.77285,721.4892133,1090.447185,1126.960468,331,0.082293084,0.082834457,0.082059923,0.085358747,237,0.061540418,NA,NA,NA,0.174892888,0.15,0.000933572,0.043135857,0.043419631,0.049632215,0.037207046,0.074834831,NA,NA,0.074834831,0.039226438
1927,259.1121092,259.1121092,0.099193156,0.047159739,0.044827227,0.029100001,0.046,0.254218698,258981.4146,75179.75091,778.7916055,1177.053098,1230.249701,244,0.084475389,0.090166519,0.084475389,0.089178276,187,0.053031569,NA,NA,NA,0.208123953,0.15,0.001234962,0.041447097,0.044239399,0.051001888,0.03747691,0.079552907,NA,NA,0.079552907,0.039031925
1928,263.0127216,263.0127216,0.06376899,0.048717894,0.047995508,0.030200001,0.043499999,0.483608693,384227.078,73645.47028,840.9777246,1271.040198,1333.564376,302,0.084134615,0.086264376,0.08180678,0.083835779,213,0.04430356,NA,NA,NA,0.197387173,0.15,0.001536352,0.042157876,0.043225049,0.049694878,0.036755221,0.083862649,NA,NA,0.083862649,0.042021601
1929,275.8290194,275.8290194,0.102888063,0.054161593,0.051645111,0.034699999,0.040800001,0.000897827,384572.0474,78094.88411,1002.466285,1515.111409,1701.199327,290,0.083333333,0.077312967,0.083333333,0.078413534,202,0.04022881,NA,NA,NA,0.191821561,0.12,0.001770695,0.042200645,0.039151885,0.044950358,0.033353413,0.075259291,NA,NA,0.075259291,0.038111888
1930,318.1785255,318.1785255,0.209158033,0.055617817,0.04821489,0.023499999,0.034400001,-0.26786229,281559.6981,80038.30624,1168.187408,1765.579647,1952.793925,309,0.089704203,0.091596012,0.083367989,0.093683437,231,0.034235563,NA,NA,NA,0.181626928,0.12,0.002005038,0.046320383,0.047297253,0.054166953,0.040427552,0.07934385,NA,NA,0.07934385,0.040970628
1931,337.6815874,337.6815874,0.110200703,0.048903674,0.046079159,0.0156,0.0348,-0.319049239,191728.2907,79347.87995,1231.350273,1861.042984,1829.420385,194,0.087290316,0.095262361,0.086187565,0.094430306,130,0.034646945,NA,NA,NA,0.163843648,0.12,0.002550729,0.046578603,0.050832531,0.057977209,0.043687854,0.076206757,NA,NA,0.076206757,0.040664354
1932,352.7268067,352.7268067,0.092316307,0.047766566,0.045729335,0.013,0.038400002,0.239228994,237595.2568,75282.03628,1275.303813,1927.473657,1802.166022,163,0.08834976,0.081222931,0.08630795,0.080009546,124,0.038170717,NA,NA,NA,0.155727554,0.12,0.003582766,0.047769803,0.043916401,0.05000812,0.037824681,0.08451177,0.0895625,0.078744116,0.08451177,0.045694642
1933,350.4978853,350.4978853,0.040282693,0.046599183,0.046895396,0.0163,0.0438,0.011746611,240386.1959,70218.9102,1289.954992,1949.617213,1878.8316,171,0.087299491,0.09448365,0.085437375,0.092281361,114,0.043325341,NA,NA,NA,0.145308002,0.12,0.0051531,0.047974466,0.051922441,0.059008715,0.044836167,0.08599784,0.091022444,0.095260054,0.08599784,0.047259158
1934,343.8111212,343.8111212,0.027814681,0.046895396,0.0478076,0.020199999,0.0414,-0.073797658,222646.2576,66613.35072,1274.978231,1926.981578,1588.84339,152,0.083333333,0.096747659,0.083333333,0.098796233,110,0.041578406,NA,NA,NA,0.116359447,0.12,0.018863405,0.047064762,0.054640867,0.061896941,0.047384793,0.093327014,0.105155133,0.108362123,0.093327014,0.052708965
1935,325.9797502,325.9797502,-0.003164314,0.048700009,0.051363967,0.032400001,0.038800001,0.007045275,224214.8617,63493.64677,1254.466579,1895.980597,1562.434148,157,0.093113931,0.10622849,0.083333333,0.100303796,111,0.038542477,NA,NA,NA,0.105818182,0.135,0.017200994,0.053724953,0.061291802,0.069258938,0.053324665,0.104241447,0.107263135,0.098543919,0.104241447,0.060145316
1936,311.4917613,311.4917613,0.004063264,0.048506677,0.050762746,0.036800001,0.043200001,0.176338241,263752.516,65743.92503,1169.489735,1767.547963,1434.398588,173,0.084146876,0.09253466,0.083211831,0.087254071,116,0.042838688,NA,NA,NA,0.106233766,0.135,0.02520648,0.047842527,0.052611484,0.059551583,0.045671384,0.10849735,0.115421687,0.121520933,0.10849735,0.061687227
1937,304.2477669,373.1976672,0.250692755,0.052592039,0.043896176,0.0383,0.0427,-0.052771587,249833.8772,81674.87224,1157.768791,1749.833117,1475.91044,155,0.082567509,0.100484459,0.082236983,0.091234769,108,0.042635745,NA,NA,NA,0.103183673,0.135,0.018478164,0.047751941,0.058113997,0.065650332,0.050577663,0.109026459,0.114628411,0.11283942,0.109026459,0.063054162
1938,303.1333062,362.3142718,0.012186209,0.041346963,0.042588886,0.0276,0.040399998,0.058855426,264537.9565,96071.53883,1224.838637,1851.201402,1203.634125,151,0.088113676,0.094214612,0.085484928,0.085802961,115,0.040600576,NA,NA,NA,0.124453125,0.135,0.011219439,0.049724965,0.05316789,0.060233986,0.046101795,0.108685023,0.112607238,0.11661561,0.108685023,0.06133394
1939,313.1634524,348.449933,0.010251105,0.048525121,0.050456285,0.020500001,0.039700001,0.164533153,308063.2205,100393.0959,1244.699126,1881.218226,1449.298104,136,0.098367899,0.112361567,0.086162391,0.084414803,89,0.039092494,NA,NA,NA,0.121123444,0.135,0.010931314,0.05586758,0.063815217,0.072242335,0.0553881,0.10630803,0.131868132,0.103859331,0.10630803,0.06037714
1940,352.7268067,365.3086123,0.10490872,0.056524601,0.053915925,0.017200001,0.040600002,0.474043727,454098.6577,117781.6098,1221.58282,1846.280613,1751.360916,57,0.087779641,0.10239558,0.083333333,0.095591048,36,0.039536947,NA,NA,NA,0.121644295,0.135,0.020092245,0.049004166,0.057163711,0.064843379,0.049484042,0.104112389,NA,NA,0.104112389,0.058122142
1941,419.0372174,391.6882419,0.133007184,0.060793128,0.056698687,0.0167,0.0319,0.528988004,694311.4003,143531.953,1240.466563,1874.821198,2160.563773,85,0.076562341,0.080183731,0.078856458,0.074556246,52,0.03263533,NA,NA,NA,0.120232172,0.135,0.020092245,0.042850073,0.044876876,0.050890656,0.038863097,NA,NA,NA,NA,NA
1942,510.9802239,524.8994985,0.405180365,0.065086879,0.048568908,0.0162,0.031399999,0.5363518,1066706.57,170356.2927,1272.699158,1923.537024,2532.926515,77,0.059314912,0.063478828,0.054069842,0.059273678,44,0.031360402,NA,NA,NA,0.130112721,0.135,0.020092245,0.032611044,0.034900344,0.039661256,0.030139432,NA,NA,NA,NA,NA
1943,551.6580389,783.4164084,0.547368705,0.054856248,0.036754299,0.0165,0.0311,-0.176937625,877966.0428,207153.4565,1310.466644,1980.618194,2483.181308,32,0.056586722,0.062982465,0.070360156,0.069010443,18,0.0311,NA,NA,NA,0.246434231,0.135,0.020092245,0.024528846,0.027301231,0.032024916,0.022577546,NA,NA,NA,NA,NA